ADM2_PCODE,ADM_PCODE,education_count,hospitals_count,primary_healthcare_count
LK11,LK11,484,123,68
LK12,LK12,499,56,76
LK13,LK13,146,37,45
LK21,LK21,230,64,25
LK22,LK22,65,18,13
LK23,LK23,174,44,4
LK31,LK31,227,49,20
LK32,LK32,118,23,20
LK33,LK33,105,18,2
LK41,LK41,496,72,51
LK42,LK42,114,7,1
LK43,LK43,246,19,13
LK44,LK44,181,14,5
LK45,LK45,124,10,1
LK51,LK51,330,49,71
LK52,LK52,176,44,18
LK53,LK53,158,37,2
LK61,LK61,229,52,19
LK62,LK62,61,20,2
LK71,LK71,149,24,7
LK72,LK72,44,12,3
LK81,LK81,240,46,10
LK82,LK82,59,13,2
LK91,LK91,240,31,9
LK92,LK92,152,22,5
