static_index,event_date,lat,lon,event_observed,dynamic_label,static_susceptibility_label,soil_clay_0_30,soil_sand_0_30,soil_silt_0_30,soil_oc_0_30,soil_ph_0_30,soil_bd_0_30,soil_awc_0_30,soil_clay_gradient,soil_cec_0_30,soil_clay_60_100,fold,block_id,control_id
546,2025-11-07,6.929191005,80.55496003,0,0,0,18.33708,66.49251,13.86116,2.17431,5.09814,1.26422,0.06033,2.75287,13.39392,19.21636,4,58_64,control_20251107_546
2941,2025-11-26,7.106992219,80.71461586,0,0,0,24.153,54.52665,19.91718,1.53764,5.42501,1.2534,0.058,6.56363,14.21945,29.16031,0,64_70,control_20251126_2941
3608,2025-11-26,6.90731939,80.75842022,0,0,0,29.14389,47.02765,23.43438,2.265,5.27548,1.14158,0.07164,0.99449,15.34042,29.43865,3,66_63,control_20251126_3608
4586,2025-11-26,6.79889648,80.51769179,0,0,0,20.54445,64.80499,12.97643,2.64519,4.99617,1.27969,0.05144,5.52254,11.65709,22.86377,3,57_59,control_20251126_4586
2544,2025-11-26,6.772359994,80.70851645,0,0,0,24.1955,55.5556,18.79224,2.26951,5.22672,1.23486,0.06451,4.20415,13.95633,26.43089,2,64_58,control_20251126_2544
4171,2025-11-26,6.910026974,80.60167369,0,0,0,22.13587,60.41122,16.52307,2.23713,5.08355,1.23237,0.06287,1.88627,14.12955,22.18387,1,60_63,control_20251126_4171
574,2025-11-26,6.869013005,80.57440003,0,0,0,21.11591,62.07796,15.39931,2.17978,5.13274,1.24876,0.06158,2.73306,14.10766,21.07925,2,59_61,control_20251126_574
4299,2025-11-26,6.93012591,80.56002847,0,0,0,18.33708,66.49251,13.86116,2.17431,5.09814,1.26422,0.06033,2.75287,13.39392,19.21636,4,58_64,control_20251126_4299
2873,2025-11-26,7.16117416,80.87257008,0,0,0,16.83105,64.54733,17.09956,1.30088,5.73666,1.33273,0.05499,12.16771,13.86658,27.7924,2,70_72,control_20251126_2873
4226,2025-11-26,6.845180519,80.73085499,0,0,0,26.15976,52.02441,20.98224,2.27319,5.21389,1.16756,0.06945,1.48148,14.56322,26.30541,0,65_60,control_20251126_4226
2478,2025-11-26,6.875627354,80.53906579,0,0,0,20.62306,63.70853,14.15696,2.2005,5.05452,1.26186,0.05919,3.43152,13.39378,21.44654,2,58_62,control_20251126_2478
4677,2025-11-26,6.864466566,80.79160989,0,0,0,26.68704,49.19637,23.29156,2.20981,5.25918,1.16536,0.07684,0.33068,14.69006,26.24286,3,67_61,control_20251126_4677
521,2025-11-26,7.064936005,80.67888803,0,0,0,24.72627,54.7003,19.46475,2.07574,5.31242,1.20829,0.06735,3.02413,14.58446,26.62468,1,63_69,control_20251126_521
2805,2025-11-26,6.891184323,80.58617023,0,0,0,21.58337,61.54567,15.67729,2.23646,5.07149,1.24145,0.06196,2.37843,14.12471,21.65473,2,59_62,control_20251126_2805
4036,2025-11-26,6.921842511,80.53604707,0,0,0,18.98237,65.91477,13.71179,2.16991,5.0797,1.2696,0.05977,3.06613,13.3901,20.00666,4,57_63,control_20251126_4036
3833,2025-11-26,6.922917168,80.80069629,0,0,0,27.38861,48.70121,23.05848,2.14746,5.2899,1.14632,0.07554,3.07646,15.03376,29.74961,2,67_63,control_20251126_3833
5298,2025-11-26,7.044283199,80.83264221,0,0,0,20.81198,57.46539,19.71756,2.138,5.46911,1.19592,0.06395,12.90821,15.38853,32.35997,1,68_68,control_20251126_5298
3941,2025-11-26,7.004166833,80.7991171,0,0,0,24.54327,52.63778,21.31378,2.25108,5.29399,1.15922,0.06816,8.47186,15.84629,31.638,4,67_66,control_20251126_3941
799,2025-11-26,7.064150005,80.88690803,0,0,0,18.55234,60.30385,18.84922,2.1829,5.50749,1.21848,0.06266,16.90692,15.73375,34.12032,1,70_69,control_20251126_799
2447,2025-11-26,6.798509571,80.74629622,0,0,0,24.89507,53.61979,20.21767,2.29586,5.21698,1.18844,0.06917,3.14759,13.9652,26.5642,3,65_59,control_20251126_2447
1235,2025-11-26,7.052926541,80.57943883,0,0,0,22.53066,59.92351,16.59834,1.60363,5.30252,1.23767,0.06084,0.87049,12.99267,22.08962,0,59_68,control_20251126_1235
1891,2025-11-27,6.976137247,80.83048952,0,0,0,22.92756,54.59123,20.69811,2.2192,5.39065,1.15596,0.07017,10.03608,15.56118,31.66566,1,68_65,control_20251127_1891
5117,2025-11-27,6.76372325,80.75662753,0,0,0,23.80538,54.60093,20.10617,2.24397,5.37876,1.22598,0.06887,4.07042,15.24336,26.29832,4,66_57,control_20251127_5117
4243,2025-11-27,6.835770673,80.7518871,0,0,0,25.93927,51.82728,21.31912,2.2852,5.216,1.16944,0.07133,1.31381,14.56539,26.02233,0,65_60,control_20251127_4243
1818,2025-11-27,6.877865808,80.81816942,0,0,0,25.63469,50.74421,22.42751,2.18845,5.27038,1.17116,0.07671,2.69147,14.69287,27.45595,3,68_62,control_20251127_1818
2472,2025-11-27,6.874498893,80.81813324,0,0,0,25.54139,50.81371,22.44775,2.19329,5.27073,1.17104,0.07701,2.30767,14.69168,26.97829,3,68_62,control_20251127_2472
5260,2025-11-27,7.18045424,80.86117862,0,0,0,17.25196,64.57477,16.86126,1.24526,5.78401,1.34476,0.05316,12.17957,13.51655,28.27602,2,69_73,control_20251127_5260
35,2025-11-27,7.059299005,80.59209803,0,0,0,23.78581,57.41691,17.89268,1.49587,5.41135,1.27055,0.0661,0.3064,13.45222,22.70608,0,59_68,control_20251127_35
2300,2025-11-27,7.113734257,80.95277274,0,0,0,14.89909,66.5968,16.58774,1.17975,5.72715,1.33413,0.05864,14.68574,13.7644,28.4444,4,73_70,control_20251127_2300
4145,2025-11-27,6.988200746,80.50321826,0,0,0,18.99537,66.06401,13.72324,2.15438,5.137,1.28511,0.0632,1.98106,12.78955,19.43513,1,56_66,control_20251127_4145
2172,2025-11-27,7.21834305,80.79041619,0,0,0,20.66819,61.75211,16.37514,1.06046,5.78762,1.34178,0.05385,7.25034,13.63329,26.84887,0,67_74,control_20251127_2172
2352,2025-11-27,7.179042277,80.94099298,0,0,0,13.15354,70.24828,14.95639,0.98122,5.86664,1.39589,0.05499,13.75424,13.48433,25.81555,2,72_73,control_20251127_2352
4474,2025-11-27,7.243512668,80.77514411,0,0,0,25.27857,58.62036,14.8587,0.9536,5.81158,1.37416,0.05271,6.87397,12.4694,31.26132,0,66_75,control_20251127_4474
2648,2025-11-27,6.824402525,80.57721776,0,0,0,21.85755,61.53765,14.67542,2.40526,5.10713,1.25378,0.05876,4.49815,13.03103,21.85466,0,59_60,control_20251127_2648
1717,2025-11-27,6.787543749,80.58041033,0,0,0,21.97304,61.58833,14.18334,2.41209,5.1225,1.25947,0.05776,5.06027,13.02984,21.6975,4,59_58,control_20251127_1717
5151,2025-11-27,6.866000437,80.61878003,0,0,0,23.36608,58.38895,17.03335,2.25652,5.17821,1.22431,0.06148,2.63309,14.24282,23.5128,2,60_61,control_20251127_5151
697,2025-11-27,7.084340005,80.65234903,0,0,0,24.45845,55.30863,19.17138,1.49063,5.38533,1.24886,0.06476,2.88488,14.22084,26.30622,4,62_69,control_20251127_697
3915,2025-11-27,6.949369224,80.65252203,0,0,0,25.51614,54.52722,19.64637,2.26672,5.16552,1.15383,0.06611,0.44469,14.59016,24.85163,4,62_64,control_20251127_3915
3347,2025-11-27,6.928587589,80.57379216,0,0,0,19.097,65.12586,14.57847,2.18888,5.1037,1.25112,0.06089,2.52487,13.39931,19.8064,3,59_64,control_20251127_3347
4216,2025-11-27,6.989217322,80.50626179,0,0,0,19.2528,65.66554,13.87663,2.14636,5.14136,1.28765,0.06363,1.91497,12.78936,19.6661,1,56_66,control_20251127_4216
5026,2025-11-27,6.797936359,80.73731055,0,0,0,24.86478,53.87736,19.98557,2.29186,5.21454,1.19315,0.0683,3.27761,13.96362,26.57252,3,65_59,control_20251127_5026
4755,2025-11-27,6.891261265,80.65610827,0,0,0,25.9877,53.86845,19.68567,2.21362,5.23059,1.19437,0.06208,1.07577,14.55207,25.55989,4,62_62,control_20251127_4755
2110,2025-11-27,6.952125941,80.82424696,0,0,0,24.93218,51.77291,21.79667,2.22895,5.3165,1.13585,0.07431,6.98302,15.61552,30.82906,1,68_64,control_20251127_2110
546,2025-11-27,6.929191005,80.55496003,0,0,0,18.33708,66.49251,13.86116,2.17431,5.09814,1.26422,0.06033,2.75287,13.39392,19.21636,4,58_64,control_20251127_546
718,2025-11-27,6.905910005,80.52310803,0,0,0,19.4715,65.55036,13.52205,2.16587,5.0594,1.25121,0.05917,3.3717,13.38647,20.68906,4,57_63,control_20251127_718
3908,2025-11-27,7.170522445,80.7885784,0,0,0,22.50388,57.88047,18.29725,1.53249,5.61086,1.28102,0.05344,7.4878,14.58487,28.64483,3,67_72,control_20251127_3908
1702,2025-11-27,6.83893428,80.6790564,0,0,0,25.41041,54.16718,19.49655,2.24354,5.21797,1.18766,0.06475,1.97161,14.55399,25.49422,0,63_60,control_20251127_1702
4713,2025-11-27,6.876758424,80.76579797,0,0,0,28.33245,48.08626,22.97616,2.24897,5.24401,1.14006,0.07289,1.15329,14.85036,28.66102,4,66_62,control_20251127_4713
3919,2025-11-27,6.995993191,80.50423137,0,0,0,19.2528,65.66554,13.87663,2.14636,5.14136,1.28765,0.06363,1.91497,12.78936,19.6661,1,56_66,control_20251127_3919
3738,2025-11-27,7.138616374,80.87559216,0,0,0,16.76531,64.01817,17.45708,1.31407,5.69365,1.32168,0.05701,13.35028,13.87146,28.84503,1,70_71,control_20251127_3738
3003,2025-11-27,6.969449564,80.82412528,0,0,0,24.54588,52.24708,21.61957,2.21744,5.32114,1.13965,0.07379,7.72511,15.61566,31.12664,1,68_65,control_20251127_3003
1065,2025-11-27,6.872190316,80.58784999,0,0,0,21.51546,61.38119,15.7558,2.18609,5.13541,1.24432,0.06197,2.5996,14.11029,21.3869,2,59_61,control_20251127_1065
2667,2025-11-27,7.060706109,80.7546761,0,0,0,24.05891,53.73086,20.84968,2.16382,5.29135,1.20307,0.06387,7.40976,15.3104,30.02828,1,65_68,control_20251127_2667
511,2025-11-27,6.885956005,80.60004803,0,0,0,22.11106,60.66133,16.11188,2.24383,5.07218,1.2364,0.06234,2.22464,14.12761,22.09269,4,60_62,control_20251127_511
3938,2025-11-27,6.908790771,80.48722777,0,0,0,20.83581,63.79691,13.96736,2.06731,5.02603,1.28723,0.057,2.86068,12.63458,21.71068,2,56_63,control_20251127_3938
3290,2025-11-27,6.928973276,80.63866932,0,0,0,24.16237,56.94629,18.36668,2.19268,5.13542,1.20831,0.06307,0.86357,14.12006,23.64416,4,61_64,control_20251127_3290
5031,2025-11-27,6.811159335,80.72802871,0,0,0,25.41077,53.16895,20.30541,2.29668,5.19346,1.18639,0.06859,2.75992,13.9644,26.6218,3,64_59,control_20251127_5031
3633,2025-11-27,6.806734157,80.50880199,0,0,0,21.24643,63.46776,13.69047,2.63556,4.99063,1.27493,0.05112,5.20841,11.65499,23.4879,2,56_59,control_20251127_3633
3987,2025-11-27,7.023612864,80.69843077,0,0,0,25.11898,53.74479,20.2207,2.23795,5.30013,1.18714,0.06682,3.17643,15.42006,27.03317,4,63_67,control_20251127_3987
4039,2025-11-27,6.805667383,80.52847205,0,0,0,20.71071,64.40446,13.17487,2.60069,5.08383,1.28152,0.0545,5.2191,11.94741,22.51201,3,57_59,control_20251127_4039
1630,2025-11-27,7.035663673,80.84029494,0,0,0,20.52753,57.57856,19.80143,2.15013,5.45687,1.19002,0.06496,13.91472,15.39088,33.12336,2,69_67,control_20251127_1630
4868,2025-11-27,6.997606414,80.91042532,0,0,0,17.68892,59.6141,19.95509,2.06382,5.4498,1.19349,0.06866,19.49903,15.66557,35.91512,1,71_66,control_20251127_4868
3336,2025-11-27,6.91140912,80.75533342,0,0,0,29.14389,47.02765,23.43438,2.265,5.27548,1.14158,0.07164,0.99449,15.34042,29.43865,4,65_63,control_20251127_3336
1767,2025-11-27,6.824094235,80.70492934,0,0,0,25.11614,54.22758,19.58867,2.25579,5.21724,1.1925,0.06614,2.27969,14.55542,25.56694,3,64_60,control_20251127_1767
3639,2025-11-27,6.977606972,80.60163716,0,0,0,19.69478,63.35779,16.01563,2.29897,5.20771,1.19454,0.06244,1.399,14.32778,19.73924,1,60_65,control_20251127_3639
1870,2025-11-27,7.114511013,80.94427311,0,0,0,15.11939,66.20889,16.74877,1.18119,5.71919,1.33078,0.05877,14.79393,13.76648,28.75246,0,72_70,control_20251127_1870
3643,2025-11-27,6.777806766,80.73885614,0,0,0,23.94449,54.98656,19.6437,2.24788,5.30794,1.20285,0.06796,4.18445,14.57879,26.45218,3,65_58,control_20251127_3643
5223,2025-11-27,7.05274362,80.64062607,0,0,0,24.61947,55.6382,18.63402,2.21519,5.29439,1.21043,0.06677,2.55315,14.61336,25.71222,3,61_68,control_20251127_5223
5273,2025-11-27,6.828491538,80.60392714,0,0,0,23.03461,59.19635,16.06433,2.2812,5.09337,1.24011,0.06153,3.95336,13.43,23.29928,3,60_60,control_20251127_5273
378,2025-11-27,6.916496005,80.52134103,0,0,0,19.13272,66.00538,13.42566,2.1583,5.06544,1.27573,0.0594,3.28791,13.3856,20.37574,4,57_63,control_20251127_378
2080,2025-11-27,7.252503897,80.75776733,0,0,0,26.55759,55.99815,15.7946,1.17574,5.63279,1.30392,0.05287,6.65672,13.69155,32.15155,0,66_75,control_20251127_2080
2656,2025-11-27,7.090058126,80.64473883,0,0,0,24.47917,55.39514,19.10595,1.48853,5.38398,1.25082,0.0651,2.59823,14.21908,26.08218,1,61_69,control_20251127_2656
2781,2025-11-27,6.814253396,80.69126102,0,0,0,24.96685,54.62908,19.19956,2.27648,5.19088,1.20125,0.06505,3.22549,13.95709,26.16123,1,63_59,control_20251127_2781
2464,2025-11-27,6.833133805,80.56392548,0,0,0,21.44549,62.14114,14.65714,2.39877,5.09956,1.25613,0.05827,4.55506,13.02857,22.12628,1,58_60,control_20251127_2464
2332,2025-11-27,6.982049774,80.60614941,0,0,0,19.88191,63.05956,16.10695,2.2892,5.21318,1.19816,0.06262,1.42772,14.32714,19.97439,1,60_65,control_20251127_2332
4558,2025-11-27,6.80435928,80.5172602,0,0,0,20.49533,64.84497,13.00078,2.64187,4.99548,1.27237,0.05176,5.36086,11.65699,22.67229,3,57_59,control_20251127_4558
2261,2025-11-27,6.891690797,80.62634696,0,0,0,23.4967,57.96305,17.71854,2.20331,5.14492,1.21763,0.06368,1.65859,14.12154,23.22191,0,61_62,control_20251127_2261
2333,2025-11-27,6.776099332,80.76495683,0,0,0,23.97854,54.00631,20.57475,2.17372,5.36841,1.21688,0.07158,3.92302,14.70015,26.41773,3,66_58,control_20251127_2333
43,2025-11-27,6.948162005,80.77400503,0,0,0,27.91366,48.4124,22.92944,2.24188,5.30958,1.13047,0.07306,3.05166,15.60973,30.13716,2,66_64,control_20251127_43
401,2025-11-27,6.946500005,80.48080003,0,0,0,19.82771,64.77291,13.99793,2.05611,5.10164,1.25335,0.0599,2.92068,12.65997,20.97466,4,55_64,control_20251127_401
3711,2025-11-27,6.982970766,80.8828813,0,0,0,19.33759,58.17067,20.095,2.05388,5.40819,1.18403,0.0696,15.73375,15.18639,33.87902,3,70_66,control_20251127_3711
1371,2025-11-27,7.091465894,80.65510383,0,0,0,24.45845,55.30863,19.17138,1.49063,5.38533,1.24886,0.06476,2.88488,14.22084,26.30622,3,62_70,control_20251127_1371
1084,2025-11-27,6.885768999,80.61637144,0,0,0,22.78232,59.10676,17.16996,2.19603,5.14561,1.22326,0.06325,1.86765,14.11859,22.59249,4,60_62,control_20251127_1084
1589,2025-11-27,7.067737466,80.54349679,0,0,0,22.85606,59.90221,16.21119,1.61048,5.24425,1.28671,0.06569,1.03523,12.57353,22.62432,2,58_69,control_20251127_1589
1682,2025-11-27,6.892955158,80.59141788,0,0,0,21.58337,61.54567,15.67729,2.23646,5.07149,1.24145,0.06196,2.37843,14.12471,21.65473,2,59_62,control_20251127_1682
854,2025-11-27,6.976849005,80.78106605,0,0,0,26.0322,50.85516,21.95638,2.29067,5.27087,1.14329,0.06991,6.16071,15.84698,31.0442,1,66_65,control_20251127_854
1758,2025-11-27,6.913101478,80.57538282,0,0,0,20.49526,63.22896,15.04664,2.2062,5.08802,1.24807,0.06073,2.67719,13.40134,21.07138,0,59_63,control_20251127_1758
3913,2025-11-27,6.907231947,80.75573084,0,0,0,29.14389,47.02765,23.43438,2.265,5.27548,1.14158,0.07164,0.99449,15.34042,29.43865,3,66_63,control_20251127_3913
3451,2025-11-27,7.031298348,80.61807599,0,0,0,23.30285,57.85428,17.79266,2.21879,5.29302,1.21002,0.06694,1.93991,14.60911,23.80422,0,60_67,control_20251127_3451
5357,2025-11-27,6.817471733,80.531486,0,0,0,20.61024,63.88137,13.7722,2.63301,5.01264,1.27811,0.05621,5.20263,12.25467,22.41713,3,57_59,control_20251127_5357
379,2025-11-27,6.915988305,80.52168003,0,0,0,19.13272,66.00538,13.42566,2.1583,5.06544,1.27573,0.0594,3.28791,13.3856,20.37574,4,57_63,control_20251127_379
4026,2025-11-27,6.837987959,80.71379978,0,0,0,25.96309,52.77342,20.419,2.26126,5.21462,1.17537,0.06747,1.70127,14.55962,26.13797,3,64_60,control_20251127_4026
4649,2025-11-27,6.811260352,80.80358596,0,0,0,25.44616,50.76412,22.67555,2.2352,5.25207,1.177,0.07629,0.79559,14.08953,25.33605,0,67_59,control_20251127_4649
1959,2025-11-27,7.019342631,80.84979251,0,0,0,20.18934,57.71293,19.89166,2.16173,5.44532,1.18452,0.06596,15.09613,15.39317,33.99249,2,69_67,control_20251127_1959
888,2025-11-27,7.046362005,80.66191303,0,0,0,24.5375,55.22623,19.30339,2.09044,5.29483,1.20459,0.06763,2.3204,14.58238,25.89546,4,62_68,control_20251127_888
749,2025-11-27,7.143886005,80.78248603,0,0,0,22.7527,56.94816,18.76786,1.51948,5.5284,1.27778,0.05647,7.93002,14.5238,29.08065,4,66_71,control_20251127_749
1387,2025-11-27,6.826576138,80.60319117,0,0,0,23.04185,59.25548,15.86599,2.2819,5.0971,1.24201,0.06147,4.09149,13.42996,23.09352,3,60_60,control_20251127_1387
5394,2025-11-27,6.781980667,80.72222077,0,0,0,24.49611,54.87977,19.25377,2.27845,5.21983,1.20491,0.06595,3.81892,13.95912,26.49412,2,64_58,control_20251127_5394
3277,2025-11-27,7.00951712,80.8085378,0,0,0,23.79217,53.45375,21.20608,2.24769,5.29456,1.16362,0.06709,9.4137,15.6814,32.06514,4,67_66,control_20251127_3277
269,2025-11-27,6.925569005,80.68650703,0,0,0,31.00499,46.42101,23.15548,2.29578,5.23716,1.16038,0.06379,-0.55621,15.16809,30.12281,1,63_63,control_20251127_269
3516,2025-11-27,6.917189281,80.58681219,0,0,0,20.48227,63.06669,15.31613,2.20574,5.09638,1.24447,0.06115,2.46898,13.40322,21.03932,0,59_63,control_20251127_3516
1335,2025-11-27,6.849550566,80.59368006,0,0,0,22.18277,60.39571,15.97787,2.214,5.06122,1.24158,0.06284,3.27083,13.30388,22.2931,2,60_61,control_20251127_1335
2823,2025-11-27,6.941830791,80.73207148,0,0,0,28.08359,49.09323,22.39209,2.22595,5.32525,1.14118,0.07012,1.81693,15.60315,29.03054,2,65_64,control_20251127_2823
914,2025-11-27,7.010139005,80.67399203,0,0,0,25.2366,54.24916,19.64559,2.23104,5.30944,1.18197,0.06556,2.73059,14.69228,26.5901,1,62_67,control_20251127_914
1543,2025-11-27,6.776896236,80.64059824,0,0,0,22.96382,58.86767,16.55196,2.45685,5.18434,1.25884,0.05918,4.74504,13.68859,24.69438,2,61_58,control_20251127_1543
3117,2025-11-27,6.918053904,80.46117173,0,0,0,20.2167,64.51026,13.83426,2.06897,5.06653,1.2923,0.05887,3.24723,12.65921,21.55692,1,55_63,control_20251127_3117
2924,2025-11-27,7.188488237,80.82010949,0,0,0,19.04444,62.95234,16.72284,1.02312,5.74726,1.36185,0.05526,10.12404,13.38311,27.99873,4,68_73,control_20251127_2924
5417,2025-11-27,6.880678406,80.5459951,0,0,0,20.81761,63.29689,14.39811,2.20738,5.05936,1.25822,0.05951,3.32399,13.39623,21.50365,2,58_62,control_20251127_5417
5433,2025-11-27,7.126145539,80.72085358,0,0,0,23.94178,55.09402,19.5493,1.52817,5.45669,1.25946,0.05756,5.99174,14.21888,28.40225,3,64_71,control_20251127_5433
2675,2025-11-27,7.035989213,80.58367873,0,0,0,22.26094,60.24596,16.54911,1.60974,5.30375,1.23282,0.06012,0.98232,12.99351,21.91576,0,59_67,control_20251127_2675
1359,2025-11-27,6.888237672,80.58104498,0,0,0,21.12618,62.32982,15.28474,2.22938,5.06985,1.24622,0.06159,2.51917,14.12188,21.29437,2,59_62,control_20251127_1359
5169,2025-11-27,6.763123476,80.70203338,0,0,0,23.25762,57.016,18.19155,2.28422,5.25279,1.24429,0.06232,4.2074,14.30788,25.36346,2,64_57,control_20251127_5169
3146,2025-11-27,6.94226357,80.51436051,0,0,0,18.46755,66.78868,13.49448,2.19248,5.12656,1.24136,0.0621,2.06401,12.79244,18.76826,3,57_64,control_20251127_3146
3203,2025-11-27,6.881002589,80.78434152,0,0,0,27.57023,48.441,23.29623,2.19992,5.25782,1.16551,0.07556,0.84681,14.69165,27.66511,3,67_62,control_20251127_3203
1714,2025-11-27,6.864600628,80.66681967,0,0,0,25.4746,54.42345,19.31492,2.22842,5.22264,1.19424,0.06314,1.67821,14.55191,25.26703,0,62_61,control_20251127_1714
2337,2025-11-27,7.03721683,80.58602656,0,0,0,22.26094,60.24596,16.54911,1.60974,5.30375,1.23282,0.06012,0.98232,12.99351,21.91576,0,59_68,control_20251127_2337
117,2025-11-27,6.906458386,80.65535205,0,0,0,26.56259,53.17644,20.0358,2.22366,5.20028,1.19098,0.06431,0.3852,14.77504,25.76528,3,62_63,control_20251127_117
1120,2025-11-27,7.003817492,80.77971906,0,0,0,25.08284,52.20882,21.36527,2.24753,5.30074,1.16184,0.06755,7.20183,15.84329,30.92571,0,66_66,control_20251127_1120
1538,2025-11-27,6.77253592,80.67067433,0,0,0,23.80999,56.75763,17.85423,2.25425,5.22078,1.2486,0.06175,4.4166,13.94993,25.70291,2,62_58,control_20251127_1538
4088,2025-11-27,7.010092078,80.75630885,0,0,0,24.53339,53.15903,21.25618,2.28646,5.28581,1.17092,0.06581,5.88564,15.65266,29.09348,4,66_67,control_20251127_4088
4372,2025-11-27,6.993947046,80.62597545,0,0,0,21.88041,59.90199,17.34353,2.29519,5.2132,1.19172,0.06368,1.52317,14.33206,22.09661,2,61_66,control_20251127_4372
2901,2025-11-27,7.22899569,80.78718339,0,0,0,21.63501,61.144,15.99702,1.06149,5.79592,1.34091,0.0538,6.54038,13.63293,27.16804,0,67_75,control_20251127_2901
952,2025-11-27,7.01402046,80.6480262,0,0,0,24.17369,56.25968,18.62466,2.25937,5.27083,1.19327,0.06664,2.3248,14.61716,25.09212,1,62_67,control_20251127_952
4004,2025-11-27,6.879947698,80.72590459,0,0,0,27.73078,49.83158,21.99047,2.2646,5.21293,1.16072,0.06941,0.92,14.5677,27.67087,2,64_62,control_20251127_4004
636,2025-11-27,7.002698005,80.48946803,0,0,0,19.08748,65.8959,13.66384,1.567,5.21456,1.2925,0.06064,3.21665,12.12732,20.7671,1,56_66,control_20251127_636
3762,2025-11-27,6.866866748,80.77056579,0,0,0,27.92042,48.58974,22.8173,2.25362,5.24494,1.14107,0.07322,1.09135,14.8496,28.12983,0,66_61,control_20251127_3762
3452,2025-11-27,6.935136034,80.79360965,0,0,0,28.02587,47.96839,23.20983,2.25607,5.30307,1.12529,0.07452,3.13747,15.6121,30.407,0,67_64,control_20251127_3452
2084,2025-11-27,7.149452461,80.72340442,0,0,0,23.53465,56.18248,18.87655,1.51538,5.51006,1.26707,0.05668,4.71898,14.21836,26.81529,0,64_72,control_20251127_2084
2192,2025-11-27,6.760741767,80.71092335,0,0,0,23.12863,57.10828,18.19389,2.28122,5.2636,1.23595,0.06229,4.44246,14.30832,25.57464,2,64_57,control_20251127_2192
2650,2025-11-27,6.835685788,80.50685332,0,0,0,21.39132,63.68542,13.36612,2.42638,4.97127,1.26159,0.05294,4.97327,11.99872,23.62189,2,56_60,control_20251127_2650
245,2025-11-27,7.082716005,80.87150903,0,0,0,20.33629,58.31325,19.31201,2.18749,5.48952,1.21463,0.06151,14.33414,16.03778,33.33722,1,70_69,control_20251127_245
4374,2025-11-27,7.063608952,80.64298985,0,0,0,24.22938,56.35013,18.30842,1.57565,5.35448,1.21446,0.06534,2.41673,14.07566,25.16836,3,61_68,control_20251127_4374
112,2025-11-27,7.013176405,80.90959813,0,0,0,16.17254,60.26237,20.24351,2.17365,5.4211,1.19905,0.06741,27.18223,15.85155,41.90933,3,71_67,control_20251127_112
4111,2025-11-27,6.987994934,80.71495504,0,0,0,26.41563,51.70311,21.26188,2.29665,5.25132,1.15404,0.06871,2.63694,15.42755,27.99755,3,64_66,control_20251127_4111
4646,2025-11-27,6.799873532,80.65059934,0,0,0,23.46267,57.90524,17.16917,2.461,5.17433,1.22358,0.06078,4.20161,13.69236,24.86669,2,62_59,control_20251127_4646
516,2025-11-27,7.048053005,80.66155103,0,0,0,24.5375,55.22623,19.30339,2.09044,5.29483,1.20459,0.06763,2.3204,14.58238,25.89546,4,62_68,control_20251127_516
3440,2025-11-27,6.923516903,80.81040046,0,0,0,26.36672,49.99745,22.57003,2.14509,5.29316,1.14728,0.07585,3.97525,15.03464,29.52768,3,68_63,control_20251127_3440
825,2025-11-27,7.117145024,80.76796752,0,0,0,23.49126,54.51701,20.06623,1.50915,5.40093,1.25979,0.05834,9.0978,14.16273,30.41148,4,66_70,control_20251127_825
3935,2025-11-27,6.768828538,80.74827913,0,0,0,23.82425,54.71538,19.97718,2.24248,5.37715,1.21752,0.06826,4.09468,15.24256,26.26292,3,65_58,control_20251127_3935
2145,2025-11-27,6.974688612,80.46901683,0,0,0,20.26965,64.30064,14.01089,2.02081,5.10001,1.26636,0.06045,3.17413,12.65566,21.83184,0,55_65,control_20251127_2145
3995,2025-11-27,7.072650905,80.8536994,0,0,0,21.13511,57.07788,19.78923,2.20105,5.45637,1.20725,0.06271,13.64751,16.03979,33.41517,1,69_69,control_20251127_3995
5413,2025-11-27,6.924452138,80.73509383,0,0,0,29.08532,47.73343,22.7893,2.2876,5.2673,1.15357,0.06831,1.81625,15.45439,30.11076,4,65_63,control_20251127_5413
3851,2025-11-27,6.965072254,80.74542887,0,0,0,27.211,50.04,21.94042,2.34125,5.28859,1.14312,0.07021,3.23417,15.79151,29.41936,4,65_65,control_20251127_3851
3585,2025-11-27,6.919610325,80.46717037,0,0,0,20.2167,64.51026,13.83426,2.06897,5.06653,1.2923,0.05887,3.24723,12.65921,21.55692,1,55_63,control_20251127_3585
4055,2025-11-27,7.003148365,80.7635436,0,0,0,24.67615,52.82965,21.47223,2.30275,5.26915,1.16334,0.06679,5.97745,15.65515,29.39382,0,66_66,control_20251127_4055
840,2025-11-27,6.836762005,80.62116003,0,0,0,23.66719,57.96212,16.86805,2.29189,5.09547,1.22823,0.0625,3.71502,13.43522,24.19693,0,61_60,control_20251127_840
3375,2025-11-27,7.149826266,80.86877381,0,0,0,16.92379,64.22079,17.25094,1.30549,5.72112,1.32846,0.05568,12.44019,13.8687,28.12328,2,70_72,control_20251127_3375
3439,2025-11-27,6.793744115,80.62928492,0,0,0,22.89945,59.23461,16.13659,2.45078,5.17768,1.23987,0.05893,4.40487,13.68651,23.64975,0,61_59,control_20251127_3439
4498,2025-11-27,6.87377986,80.64458463,0,0,0,24.69545,55.80742,18.64583,2.21394,5.2299,1.20219,0.06156,1.75746,14.54837,24.42297,0,61_61,control_20251127_4498
550,2025-11-27,6.999880005,80.47315103,0,0,0,20.38757,63.65615,14.55906,1.48841,5.16772,1.3064,0.06023,3.56037,12.30014,22.41836,0,55_66,control_20251127_550
2194,2025-11-27,7.194241953,80.78342752,0,0,0,21.72487,59.44564,17.40407,1.34666,5.69788,1.3098,0.05435,6.86555,13.88259,27.29808,4,67_73,control_20251127_2194
2952,2025-11-27,7.140593439,80.90218906,0,0,0,16.06807,65.18711,17.04767,1.30687,5.72113,1.33082,0.05618,13.44198,13.86586,28.31585,1,71_71,control_20251127_2952
3083,2025-11-27,6.767984599,80.70572698,0,0,0,23.33874,56.74328,18.40299,2.28737,5.25463,1.22953,0.06304,4.17045,14.30929,25.52407,2,64_58,control_20251127_3083
89,2025-11-27,7.15704917,80.74032853,0,0,0,23.30955,56.28362,18.94079,1.51808,5.50357,1.26476,0.05602,5.72606,14.22137,27.52154,4,65_72,control_20251127_89
2603,2025-11-27,6.884965851,80.80745644,0,0,0,27.07044,48.94204,23.11675,2.19168,5.26226,1.16709,0.07603,1.81411,14.69358,28.13273,3,67_62,control_20251127_2603
5229,2025-11-27,6.992073986,80.76876773,0,0,0,25.65367,51.75705,21.31914,2.3073,5.30875,1.15743,0.06967,5.5127,15.79234,29.91033,0,66_66,control_20251127_5229
3602,2025-11-27,7.134271726,80.81176139,0,0,0,21.9061,57.87071,18.71964,1.52556,5.52596,1.27531,0.05602,9.44395,14.52701,29.84319,2,68_71,control_20251127_3602
3992,2025-11-27,6.841237734,80.78179555,0,0,0,26.56121,49.1431,23.53955,2.21744,5.25951,1.16469,0.07676,-0.78279,14.68724,24.99669,2,66_60,control_20251127_3992
4787,2025-11-27,6.860126759,80.58858443,0,0,0,21.70371,61.16051,15.70401,2.19091,5.13227,1.24768,0.06195,2.72803,14.11035,21.45419,2,59_61,control_20251127_4787
2931,2025-11-27,6.874223378,80.66780097,0,0,0,26.3827,52.99836,20.06478,2.2321,5.22066,1.18733,0.06388,1.25685,14.55494,26.07482,4,62_62,control_20251127_2931
1486,2025-11-27,6.92014521,80.5053825,0,0,0,20.45905,64.07007,14.10212,2.0715,5.05122,1.2567,0.05776,2.58239,12.63669,21.07731,2,56_63,control_20251127_1486
642,2025-11-27,7.064530005,80.67942503,0,0,0,24.72627,54.7003,19.46475,2.07574,5.31242,1.20829,0.06735,3.02413,14.58446,26.62468,1,63_69,control_20251127_642
610,2025-11-27,6.834019005,80.57182203,0,0,0,21.44549,62.14114,14.65714,2.39877,5.09956,1.25613,0.05827,4.55506,13.02857,22.12628,0,59_60,control_20251127_610
814,2025-11-27,6.782486005,80.63396603,0,0,0,22.94767,59.02113,16.36856,2.45413,5.1808,1.24558,0.05908,4.56736,13.68762,24.20687,2,61_58,control_20251127_814
4164,2025-11-27,6.797690505,80.64672782,0,0,0,23.27523,58.34506,16.84268,2.4575,5.17538,1.23239,0.06013,4.2737,13.6904,24.51006,0,61_59,control_20251127_4164
5174,2025-11-27,7.102542347,80.76896747,0,0,0,23.85994,53.06759,20.82336,1.51285,5.3829,1.25753,0.0588,10.53665,14.1632,31.75993,4,66_70,control_20251127_5174
4000,2025-11-27,6.841399814,80.51256027,0,0,0,20.91897,63.78073,13.74148,2.60572,4.99962,1.25922,0.0562,5.45612,12.25016,23.68082,0,57_60,control_20251127_4000
1941,2025-11-27,6.850631138,80.63833162,0,0,0,24.2438,56.90888,17.65755,2.296,5.08806,1.21938,0.06315,3.21356,13.43827,24.89703,0,61_61,control_20251127_1941
5218,2025-11-27,6.891824081,80.64753495,0,0,0,25.1695,55.24476,18.96267,2.22757,5.19822,1.1999,0.06375,1.01635,14.77201,24.50884,4,62_62,control_20251127_5218
138,2025-11-27,7.068331505,80.80756635,0,0,0,21.75756,56.41631,20.17712,2.08582,5.44384,1.22593,0.06194,10.17566,15.18086,30.4466,4,67_69,control_20251127_138
1791,2025-11-27,6.806767533,80.66041939,0,0,0,24.19642,56.28868,18.07993,2.35323,5.14188,1.21631,0.06258,3.7345,14.01314,25.31829,2,62_59,control_20251127_1791
4176,2025-11-27,6.87921987,80.66778505,0,0,0,26.9768,52.19738,20.45703,2.22933,5.22148,1.18533,0.06376,0.92472,14.55587,26.52922,4,62_62,control_20251127_4176
4747,2025-11-27,6.993531871,80.71592007,0,0,0,26.03965,52.19153,21.04392,2.28363,5.26076,1.16947,0.06838,2.99235,15.42655,27.9136,3,64_66,control_20251127_4747
2651,2025-11-27,7.064595311,80.93622995,0,0,0,17.40559,62.23448,17.98809,2.09319,5.55402,1.23564,0.06275,17.00958,15.40975,33.13875,3,72_69,control_20251127_2651
569,2025-11-27,7.042075005,80.61615003,0,0,0,23.64225,57.37707,17.91385,2.20864,5.29684,1.21554,0.06711,1.92716,14.6083,24.13154,1,60_68,control_20251127_569
515,2025-11-27,6.991223005,80.48617803,0,0,0,19.14495,65.67743,13.78113,2.03831,5.17352,1.29253,0.06248,3.2904,12.79422,20.87264,1,56_66,control_20251127_515
5232,2025-11-27,6.963952412,80.8342653,0,0,0,23.39372,53.67582,21.2793,2.23249,5.3332,1.15542,0.0711,9.21706,15.67962,31.38673,1,68_65,control_20251127_5232
816,2025-11-27,7.070845005,80.67003503,0,0,0,24.68674,54.92613,19.32407,2.07121,5.31354,1.21078,0.06745,2.65051,14.58241,26.25882,4,62_69,control_20251127_816
3461,2025-11-27,6.967484776,80.62340494,0,0,0,22.01347,59.83001,17.41478,2.32632,5.19324,1.19705,0.06335,1.26468,14.33429,21.94841,0,61_65,control_20251127_3461
1332,2025-11-27,7.128827484,80.90014236,0,0,0,16.22029,64.57332,17.36729,1.31676,5.68847,1.32135,0.05756,14.13411,13.8706,29.11654,1,71_71,control_20251127_1332
2076,2025-11-27,7.055969905,80.66721835,0,0,0,24.5794,55.19591,19.24444,2.07847,5.30438,1.20901,0.06761,2.33169,14.58136,25.90984,4,62_68,control_20251127_2076
2205,2025-11-27,6.894274367,80.62573482,0,0,0,23.951,57.54012,17.61042,2.27212,5.12578,1.21258,0.06361,1.84454,14.49268,23.9549,0,61_62,control_20251127_2205
4049,2025-11-27,7.189495005,80.89901622,0,0,0,14.56094,68.31605,15.7019,0.98499,5.842,1.38565,0.05445,13.02781,13.4928,26.4611,3,71_73,control_20251127_4049
1675,2025-11-27,6.992692031,80.6687251,0,0,0,25.62717,53.79531,19.81824,2.28875,5.27736,1.1808,0.06547,2.40272,14.80912,26.71626,2,62_66,control_20251127_1675
5194,2025-11-27,7.184722229,80.91985639,0,0,0,14.01734,68.92993,15.49004,0.98456,5.84338,1.38747,0.05503,13.53173,13.49079,26.41548,2,72_73,control_20251127_5194
2623,2025-11-27,6.900754224,80.68070228,0,0,0,29.62619,48.50833,22.15853,2.22875,5.22041,1.17645,0.06422,-0.24748,14.55999,28.65401,0,63_62,control_20251127_2623
1823,2025-11-27,6.898796706,80.79753955,0,0,0,28.36959,47.46501,23.5488,2.17321,5.27637,1.14241,0.07613,1.1776,15.03047,28.9286,3,67_62,control_20251127_1823
1618,2025-11-27,7.175554663,80.92436568,0,0,0,13.79335,69.1188,15.42687,0.98531,5.83841,1.38645,0.05558,13.8361,13.49104,26.48327,2,72_73,control_20251127_1618
3836,2025-11-27,6.866430486,80.70387631,0,0,0,27.21361,51.25242,21.0703,2.25021,5.21459,1.17339,0.06655,1.0531,14.56107,27.01516,3,64_61,control_20251127_3836
1677,2025-11-27,6.989638221,80.91466791,0,0,0,17.56574,60.06684,19.67696,2.05794,5.46105,1.19894,0.06834,18.45373,15.66378,34.76509,1,71_66,control_20251127_1677
3786,2025-11-27,6.953964142,80.80236362,0,0,0,26.06553,50.48616,22.22519,2.23094,5.31431,1.13463,0.07373,5.53127,15.6133,30.59453,0,67_64,control_20251127_3786
5368,2025-11-27,6.976877721,80.59193142,0,0,0,18.37939,65.61128,14.96508,2.27169,5.15325,1.22147,0.06388,1.87209,13.422,18.8972,4,59_65,control_20251127_5368
1393,2025-11-27,7.034036885,80.84010339,0,0,0,20.52753,57.57856,19.80143,2.15013,5.45687,1.19002,0.06496,13.91472,15.39088,33.12336,2,69_67,control_20251127_1393
197,2025-11-27,6.975180505,80.50301423,0,0,0,18.80958,66.35986,13.60171,2.16252,5.13234,1.28239,0.06282,2.03931,12.7898,19.26168,0,56_65,control_20251127_197
985,2025-11-27,7.010578005,80.73659803,0,0,0,24.7373,53.21476,21.10423,2.28078,5.29869,1.17696,0.06509,4.95975,15.64958,28.39351,2,65_67,control_20251127_985
1636,2025-11-27,6.929084146,80.47704329,0,0,0,20.08281,64.56347,13.92941,2.06682,5.08113,1.24908,0.05929,3.09821,12.65993,21.30338,4,55_64,control_20251127_1636
3456,2025-11-27,6.995854466,80.75651918,0,0,0,25.8003,51.71691,21.28759,2.30483,5.31263,1.15903,0.06919,5.02968,15.79078,29.58377,0,66_66,control_20251127_3456
2274,2025-11-27,6.769096056,80.57877722,0,0,0,22.12202,61.50723,14.34635,2.37297,5.15455,1.26421,0.05684,5.20028,12.29836,23.12745,4,59_58,control_20251127_2274
3612,2025-11-27,7.027460944,80.9198419,0,0,0,17.04783,60.69407,19.44197,2.14853,5.46247,1.21353,0.06532,21.40631,15.84686,37.10652,3,72_67,control_20251127_3612
3591,2025-11-27,6.892500307,80.54954113,0,0,0,20.47204,63.75516,14.32947,2.19999,5.06522,1.2588,0.05961,3.22503,13.39535,21.22768,2,58_62,control_20251127_3591
1495,2025-11-27,6.99871543,80.8096648,0,0,0,23.70112,53.4328,21.28198,2.26171,5.2832,1.15709,0.06805,9.78861,15.68387,32.39563,4,67_66,control_20251127_1495
3763,2025-11-27,6.883256949,80.53511837,0,0,0,20.47202,64.05925,13.93963,2.19391,5.0489,1.26022,0.05889,3.53523,13.3914,21.4395,1,57_62,control_20251127_3763
4720,2025-11-27,6.94379781,80.68977461,0,0,0,28.60106,49.38439,21.93054,2.33918,5.30338,1.14495,0.06727,0.65534,15.78344,28.4562,3,63_64,control_20251127_4720
4141,2025-11-27,7.007944417,80.60772359,0,0,0,21.02215,61.35253,16.6271,2.26074,5.22763,1.20778,0.06348,1.43881,14.32569,21.1389,3,60_66,control_20251127_4141
5182,2025-11-27,6.851372784,80.8184935,0,0,0,25.38932,50.83287,22.58844,2.20143,5.27278,1.16865,0.07746,1.46786,14.68917,26.00178,3,68_61,control_20251127_5182
139,2025-11-27,6.934981005,80.80471103,0,0,0,27.06117,49.23904,22.72717,2.15972,5.29643,1.12593,0.07512,4.13297,15.00636,30.36993,0,67_64,control_20251127_139
3392,2025-11-27,7.011696724,80.75113918,0,0,0,24.65696,53.15646,21.19049,2.28369,5.29209,1.17504,0.06546,5.40718,15.65112,28.74883,2,65_67,control_20251127_3392
1673,2025-11-27,7.146028291,80.88518976,0,0,0,16.37316,64.76108,17.17562,1.30807,5.71523,1.32846,0.05625,13.24792,13.86757,28.40299,2,70_72,control_20251127_1673
5276,2025-11-27,6.820015663,80.76715874,0,0,0,26.00293,50.82946,22.18853,2.23685,5.23281,1.17793,0.07435,1.29431,14.08849,26.17533,2,66_60,control_20251127_5276
2585,2025-11-27,7.122574633,80.74600072,0,0,0,23.65907,54.8535,19.84867,1.53197,5.44261,1.25634,0.0569,7.83148,14.22338,29.68166,1,65_71,control_20251127_2585
2427,2025-11-27,6.857474521,80.80289164,0,0,0,26.36742,49.53296,23.18094,2.20782,5.2619,1.16618,0.07719,0.6339,14.69038,26.22405,3,67_61,control_20251127_2427
1193,2025-11-27,6.859658347,80.55144576,0,0,0,21.32487,62.69163,14.40849,2.25276,4.98608,1.25779,0.06028,3.62173,12.99716,21.95,4,58_61,control_20251127_1193
3795,2025-11-27,6.985994469,80.71735913,0,0,0,26.41563,51.70311,21.26188,2.29665,5.25132,1.15404,0.06871,2.63694,15.42755,27.99755,3,64_66,control_20251127_3795
4567,2025-11-27,7.080150457,80.69805077,0,0,0,24.83978,54.10171,19.92893,2.1169,5.34313,1.21749,0.06212,4.82191,14.57467,28.35735,1,63_69,control_20251127_4567
1809,2025-11-27,7.077634967,80.92291273,0,0,0,17.54196,62.16093,17.99881,2.08429,5.56167,1.23793,0.06203,16.69944,15.40863,32.96,3,72_69,control_20251127_1809
3707,2025-11-27,6.932746433,80.73791225,0,0,0,28.42321,48.45002,22.71257,2.24118,5.31565,1.15578,0.07125,1.61168,15.60467,29.20779,2,65_64,control_20251127_3707
4535,2025-11-27,7.224969811,80.79494636,0,0,0,20.7499,62.11238,16.04521,1.06,5.79737,1.34336,0.05337,6.74886,13.63255,26.53826,0,67_74,control_20251127_4535
2822,2025-11-27,6.956949938,80.76341104,0,0,0,27.36632,49.31412,22.50399,2.22727,5.31797,1.1384,0.07201,3.44151,15.60838,29.8791,1,66_65,control_20251127_2822
2327,2025-11-27,6.767257568,80.63963652,0,0,0,22.81341,59.12094,16.42434,2.45615,5.18857,1.26367,0.05862,4.98502,13.68763,24.83869,2,61_58,control_20251127_2327
5328,2025-11-27,7.010002911,80.6143794,0,0,0,21.61208,60.36926,17.04755,2.26777,5.22682,1.20353,0.06379,1.51995,14.32826,21.8127,0,60_67,control_20251127_5328
553,2025-11-27,6.831271005,80.53881003,0,0,0,20.65788,63.6809,13.98711,2.4875,5.06241,1.26646,0.05786,4.47342,13.05268,21.80243,1,58_60,control_20251127_553
3489,2025-11-27,6.844088164,80.52340012,0,0,0,21.59851,62.42201,14.35196,2.61142,5.00416,1.25841,0.05662,4.83812,12.25183,23.4807,0,57_60,control_20251127_3489
1835,2025-11-27,6.894003088,80.60722074,0,0,0,22.70368,59.68487,16.58651,2.25147,5.07199,1.2311,0.06274,2.05535,14.13058,22.6004,4,60_62,control_20251127_1835
4940,2025-11-27,7.07362564,80.94177829,0,0,0,16.78935,63.33146,17.3824,1.92651,5.62514,1.261,0.06347,16.08927,14.71261,31.5473,3,72_69,control_20251127_4940
2654,2025-11-27,6.876239395,80.67324492,0,0,0,26.9768,52.19738,20.45703,2.22933,5.22148,1.18533,0.06376,0.92472,14.55587,26.52922,4,62_62,control_20251127_2654
4428,2025-11-27,7.15290586,80.9562219,0,0,0,13.14684,69.85617,15.16166,0.98602,5.83555,1.3869,0.05659,14.36763,13.48979,26.37076,2,73_72,control_20251127_4428
1067,2025-11-27,6.872426788,80.52005283,0,0,0,20.59982,64.03415,13.78758,2.19443,5.03753,1.24778,0.05843,3.7288,13.38992,21.67569,2,57_61,control_20251127_1067
133,2025-11-27,7.069427805,80.87701288,0,0,0,19.91806,58.55196,19.36085,2.19822,5.48008,1.20944,0.06233,15.61061,16.03983,34.20533,1,70_69,control_20251127_133
1221,2025-11-27,7.060807033,80.83916231,0,0,0,20.25461,58.10777,19.87162,2.10312,5.4408,1.21735,0.06286,12.71811,15.18607,31.68987,4,69_68,control_20251127_1221
191,2025-11-27,6.835288005,80.61434403,0,0,0,23.34697,58.58636,16.46271,2.28648,5.09462,1.23577,0.062,3.83575,13.4326,23.74434,3,60_60,control_20251127_191
4208,2025-11-27,6.888090174,80.59026694,0,0,0,21.58337,61.54567,15.67729,2.23646,5.07149,1.24145,0.06196,2.37843,14.12471,21.65473,2,59_62,control_20251127_4208
817,2025-11-27,7.065056005,80.63618703,0,0,0,24.09091,55.99996,18.96648,1.49534,5.36692,1.24741,0.06483,2.53363,14.2179,25.70058,1,61_69,control_20251127_817
4761,2025-11-27,6.865852971,80.50502744,0,0,0,21.50602,63.03009,14.04438,2.33376,4.99803,1.2632,0.05529,3.92739,11.78782,22.97864,4,56_61,control_20251127_4761
2357,2025-11-27,6.996759369,80.706842,0,0,0,25.99413,52.43691,20.88566,2.27946,5.26614,1.16782,0.06796,2.69135,15.42473,27.57226,3,64_66,control_20251127_2357
1379,2025-11-27,7.200613513,80.91817438,0,0,0,13.87933,69.3812,15.33505,0.98116,5.86578,1.39475,0.05396,13.22579,13.48618,26.02831,2,71_74,control_20251127_1379
1156,2025-11-27,6.880444339,80.74659686,0,0,0,28.10439,48.6233,22.73024,2.27555,5.27277,1.14557,0.0717,0.94241,15.33604,28.12504,1,65_62,control_20251127_1156
3326,2025-11-27,7.013973329,80.92489866,0,0,0,17.01264,60.78026,19.50923,2.10973,5.45898,1.20516,0.06817,19.26007,15.75774,35.00782,3,72_67,control_20251127_3326
4482,2025-11-27,6.797900728,80.82920714,0,0,0,23.64919,53.66551,21.02318,2.17136,5.36928,1.18833,0.07537,4.08892,14.7046,26.57259,1,68_59,control_20251127_4482
5039,2025-11-27,6.79753405,80.58117659,0,0,0,22.20358,61.4027,13.83229,2.41088,5.12068,1.25732,0.05825,4.76687,13.03033,20.52085,4,59_59,control_20251127_5039
739,2025-11-27,7.048397005,80.66192603,0,0,0,24.5375,55.22623,19.30339,2.09044,5.29483,1.20459,0.06763,2.3204,14.58238,25.89546,4,62_68,control_20251127_739
2441,2025-11-27,6.965234004,80.59437087,0,0,0,18.31621,65.72698,14.92587,2.28125,5.14773,1.21768,0.06374,1.85517,13.42276,18.77837,1,60_65,control_20251127_2441
5016,2025-11-27,6.860781873,80.67634678,0,0,0,25.89765,53.66324,19.72594,2.23443,5.2201,1.18955,0.06395,1.54947,14.554,25.70949,3,63_61,control_20251127_5016
2842,2025-11-27,6.90537358,80.79147648,0,0,0,29.14354,46.41885,23.9425,2.16641,5.27833,1.14275,0.07581,1.03875,15.03132,29.65884,2,67_63,control_20251127_2842
2398,2025-11-27,7.095116117,80.65713071,0,0,0,24.56482,55.20371,19.1458,1.48602,5.39517,1.25167,0.06496,2.76033,14.22056,26.27063,3,62_70,control_20251127_2398
327,2025-11-27,7.070071805,80.63543203,0,0,0,24.09091,55.99996,18.96648,1.49534,5.36692,1.24741,0.06483,2.53363,14.2179,25.70058,1,61_69,control_20251127_327
2504,2025-11-27,7.042104727,80.83596368,0,0,0,20.81198,57.46539,19.71756,2.138,5.46911,1.19592,0.06395,12.90821,15.38853,32.35997,1,68_68,control_20251127_2504
606,2025-11-27,7.026023005,80.87856603,0,0,0,18.13054,59.21321,19.88167,2.15853,5.45253,1.18504,0.06638,21.28707,15.39593,38.03347,2,70_67,control_20251127_606
2913,2025-11-27,6.929844692,80.56749698,0,0,0,18.59388,65.98182,14.16425,2.18133,5.1017,1.26001,0.06059,2.63921,13.39654,19.38733,3,59_64,control_20251127_2913
4035,2025-11-27,6.859775909,80.5723926,0,0,0,20.99921,62.41286,15.0604,2.17856,5.12585,1.2533,0.06115,2.97349,14.10524,20.95444,2,59_61,control_20251127_4035
2967,2025-11-27,6.849469438,80.75185383,0,0,0,26.64325,50.80131,21.79983,2.28397,5.21319,1.15912,0.07165,1.0225,14.56796,26.57007,4,65_61,control_20251127_2967
560,2025-11-27,6.950989552,80.60425487,0,0,0,20.00316,63.22983,15.84678,2.30037,5.13867,1.2074,0.06416,1.75024,13.42697,20.31248,0,60_64,control_20251127_560
2737,2025-11-27,6.777840612,80.54672911,0,0,0,21.13118,63.5598,13.46358,2.47443,5.11743,1.28179,0.05493,5.6304,11.79097,22.93551,1,58_58,control_20251127_2737
3799,2025-11-27,6.988236845,80.76456155,0,0,0,26.05529,51.23493,21.53895,2.32059,5.29922,1.15153,0.0702,5.04756,15.79309,29.91969,0,66_66,control_20251127_3799
1843,2025-11-27,6.820918823,80.78636211,0,0,0,26.1289,49.84677,23.12329,2.24424,5.23303,1.17243,0.07621,-0.01918,14.09036,25.22615,4,67_60,control_20251127_1843
1726,2025-11-27,6.918936538,80.43930827,0,0,0,19.93172,66.0974,12.55373,2.09573,4.94895,1.26461,0.05544,4.84769,11.59088,23.07804,1,54_63,control_20251127_1726
1696,2025-11-27,6.878408005,80.75980147,0,0,0,28.12186,48.3739,22.9326,2.28025,5.27039,1.14265,0.07254,0.8903,15.33718,28.14274,4,66_62,control_20251127_1696
5420,2025-11-27,7.084998786,80.70191378,0,0,0,24.35981,55.06183,19.37528,1.51233,5.35418,1.2499,0.06093,4.95821,13.9677,27.9714,3,64_69,control_20251127_5420
4991,2025-11-27,6.958360261,80.72599171,0,0,0,27.79836,49.63422,22.01079,2.34627,5.28905,1.14593,0.06949,2.16371,15.78917,29.01198,3,64_65,control_20251127_4991
2922,2025-11-27,7.072667957,80.726593,0,0,0,24.76967,53.47635,20.4693,2.14007,5.31648,1.20651,0.06252,6.42763,14.58155,29.72633,3,64_69,control_20251127_2922
3673,2025-11-27,6.861511916,80.6085486,0,0,0,22.97111,59.22889,16.42787,2.29484,5.0669,1.23587,0.06342,3.0873,13.65611,23.23707,2,60_61,control_20251127_3673
2449,2025-11-27,6.901090474,80.51232312,0,0,0,20.88336,63.37661,14.34348,2.09168,5.04964,1.25259,0.05744,2.61389,12.6397,21.3115,1,57_62,control_20251127_2449
2902,2025-11-27,6.935444197,80.57900931,0,0,0,17.94894,66.61739,14.29096,2.29441,5.12627,1.25764,0.06319,2.04521,13.41974,18.29299,3,59_64,control_20251127_2902
4383,2025-11-27,6.911388995,80.53030783,0,0,0,19.45738,65.4211,13.68519,2.17174,5.06651,1.2714,0.05938,3.26349,13.38873,20.5549,4,57_63,control_20251127_4383
651,2025-11-27,7.151356605,80.76001003,0,0,0,23.10142,56.39024,19.02078,1.52133,5.49388,1.26234,0.05544,6.84135,14.2242,28.38492,0,66_72,control_20251127_651
4702,2025-11-27,6.923891421,80.44296726,0,0,0,20.18231,64.83184,13.53996,2.04949,5.05333,1.26321,0.0584,3.53682,12.65572,21.94536,1,54_63,control_20251127_4702
4106,2025-11-27,6.816305371,80.69460791,0,0,0,24.96685,54.62908,19.19956,2.27648,5.19088,1.20125,0.06505,3.22549,13.95709,26.16123,1,63_59,control_20251127_4106
2250,2025-11-27,6.962277452,80.58728006,0,0,0,16.45416,68.4999,13.92214,2.27221,5.14994,1.22367,0.06329,1.92101,13.41946,17.00532,4,59_65,control_20251127_2250
2436,2025-11-27,7.080275962,80.92504447,0,0,0,17.54196,62.16093,17.99881,2.08429,5.56167,1.23793,0.06203,16.69944,15.40863,32.96,3,72_69,control_20251127_2436
2492,2025-11-27,6.894099157,80.68566524,0,0,0,28.33633,50.19474,21.41774,2.2323,5.21942,1.17804,0.06444,0.36403,14.55902,27.68068,0,63_62,control_20251127_2492
1913,2025-11-27,6.85592983,80.55986499,0,0,0,20.85565,63.07166,14.52194,2.40529,5.07138,1.26048,0.05985,3.98647,13.2516,21.69834,4,58_61,control_20251127_1913
3320,2025-11-27,6.871800014,80.59272141,0,0,0,21.95911,60.61762,16.14781,2.19263,5.13726,1.23434,0.06238,2.4547,14.11297,21.75654,2,59_61,control_20251127_3320
5071,2025-11-27,6.945427857,80.47120232,0,0,0,19.97943,64.67827,13.92873,2.05042,5.09242,1.25553,0.05968,3.0722,12.6586,21.29232,4,55_64,control_20251127_5071
2305,2025-11-27,6.920036624,80.5963876,0,0,0,21.20968,61.89845,15.84244,2.21417,5.09602,1.23914,0.06153,2.32927,13.40619,21.68081,1,60_63,control_20251127_2305
5105,2025-11-27,6.92928152,80.50816697,0,0,0,20.03379,64.5332,14.09048,2.06987,5.06669,1.25578,0.05826,2.40778,12.63736,20.55187,0,56_64,control_20251127_5105
2818,2025-11-27,6.868228133,80.59109255,0,0,0,21.51546,61.38119,15.7558,2.18609,5.13541,1.24432,0.06197,2.5996,14.11029,21.3869,2,59_61,control_20251127_2818
2491,2025-11-27,6.884763963,80.78152464,0,0,0,27.57023,48.441,23.29623,2.19992,5.25782,1.16551,0.07556,0.84681,14.69165,27.66511,4,66_62,control_20251127_2491
2981,2025-11-27,7.144527724,80.9566787,0,0,0,14.56052,67.62588,16.04837,1.16355,5.77803,1.34891,0.05682,13.94324,13.75608,27.40685,0,73_71,control_20251127_2981
2487,2025-11-27,6.797226604,80.72871155,0,0,0,24.81895,54.15011,19.74963,2.28767,5.21245,1.19637,0.06744,3.39512,13.96198,26.54579,3,65_59,control_20251127_2487
3598,2025-11-27,7.111070236,80.75241056,0,0,0,23.8443,53.74532,20.4016,1.51182,5.38839,1.25827,0.05886,9.21977,14.1615,30.74665,4,65_70,control_20251127_3598
1507,2025-11-27,6.772186976,80.55724981,0,0,0,21.38143,62.52003,14.14152,2.47815,5.12214,1.27207,0.05547,5.55805,11.79265,22.78589,1,58_58,control_20251127_1507
2418,2025-11-27,6.784010209,80.56979168,0,0,0,21.70216,62.02941,14.12987,2.40855,5.11872,1.26253,0.05718,5.2163,13.02746,22.0351,4,59_58,control_20251127_2418
5019,2025-11-27,7.064407401,80.61097691,0,0,0,24.43865,56.35093,18.30314,1.4943,5.41889,1.25173,0.06567,0.39294,13.45431,23.45119,2,60_69,control_20251127_5019
1429,2025-11-27,7.164415245,80.87434752,0,0,0,16.83105,64.54733,17.09956,1.30088,5.73666,1.33273,0.05499,12.16771,13.86658,27.7924,2,70_72,control_20251127_1429
3468,2025-11-27,6.856342846,80.78054665,0,0,0,26.69787,49.18067,23.35288,2.21401,5.25845,1.16321,0.07657,-0.21301,14.68844,25.68488,0,66_61,control_20251127_3468
4185,2025-11-27,7.041310588,80.830838,0,0,0,20.81198,57.46539,19.71756,2.138,5.46911,1.19592,0.06395,12.90821,15.38853,32.35997,1,68_68,control_20251127_4185
4866,2025-11-27,6.895245774,80.52816352,0,0,0,19.83501,64.91278,13.79039,2.17935,5.06033,1.26165,0.0592,3.35131,13.38963,20.89399,1,57_62,control_20251127_4866
2413,2025-11-27,6.937950055,80.62074037,0,0,0,22.79537,58.77642,17.77783,2.25256,5.17264,1.21599,0.06467,0.748,14.58192,22.08835,4,61_64,control_20251127_2413
956,2025-11-27,7.022164005,80.59246803,0,0,0,21.81242,61.01897,16.25218,2.17646,5.24685,1.21458,0.0621,0.36513,13.35363,20.86481,0,59_67,control_20251127_956
2773,2025-11-27,6.83872319,80.74950295,0,0,0,26.28859,51.30491,21.57262,2.28512,5.21432,1.16587,0.07155,1.13772,14.56672,26.26334,0,65_60,control_20251127_2773
2643,2025-11-27,6.853646165,80.51401376,0,0,0,21.76316,62.57304,14.20519,2.50584,4.98805,1.25994,0.05544,3.92465,12.45458,23.02974,2,57_61,control_20251127_2643
5292,2025-11-27,7.014194232,80.63510014,0,0,0,23.69771,57.06379,18.2786,2.25258,5.27593,1.19713,0.06661,2.16643,14.615,24.44837,4,61_67,control_20251127_5292
1783,2025-11-27,6.833003792,80.62817175,0,0,0,23.66719,57.96212,16.86805,2.29189,5.09547,1.22823,0.0625,3.71502,13.43522,24.19693,0,61_60,control_20251127_1783
3118,2025-11-27,6.835778375,80.62789932,0,0,0,23.66719,57.96212,16.86805,2.29189,5.09547,1.22823,0.0625,3.71502,13.43522,24.19693,0,61_60,control_20251127_3118
1128,2025-11-27,6.927652929,80.44193547,0,0,0,20.18231,64.83184,13.53996,2.04949,5.05333,1.26321,0.0584,3.53682,12.65572,21.94536,1,54_63,control_20251127_1128
490,2025-11-27,6.882298005,80.73607503,0,0,0,28.10341,48.854,22.53543,2.27046,5.27565,1.14872,0.07084,0.97598,15.33487,28.10826,1,65_62,control_20251127_490
455,2025-11-27,6.880140005,80.60114103,0,0,0,21.76971,60.84576,16.18389,2.18752,5.14082,1.23927,0.0624,2.33257,14.11292,21.66127,4,60_62,control_20251127_455
1755,2025-11-27,6.874935321,80.5783878,0,0,0,21.11591,62.07796,15.39931,2.17978,5.13274,1.24876,0.06158,2.73306,14.10766,21.07925,2,59_62,control_20251127_1755
869,2025-11-27,7.026128005,80.71338103,0,0,0,25.18044,53.48036,20.38307,2.24145,5.29502,1.18451,0.06713,3.51482,15.42184,27.41614,3,64_67,control_20251127_869
4714,2025-11-27,7.184010322,80.78501637,0,0,0,21.75862,59.05998,17.69304,1.35043,5.68113,1.30737,0.05499,7.2651,13.88331,27.65882,4,67_73,control_20251127_4714
4856,2025-11-27,6.869926889,80.59084612,0,0,0,21.51546,61.38119,15.7558,2.18609,5.13541,1.24432,0.06197,2.5996,14.11029,21.3869,2,59_61,control_20251127_4856
3301,2025-11-27,7.156259858,80.81237139,0,0,0,21.42959,58.87029,18.29968,1.50328,5.57644,1.28661,0.0553,8.4199,14.857,28.54082,1,68_72,control_20251127_3301
1806,2025-11-27,6.994084357,80.61914805,0,0,0,21.08047,61.18322,16.8162,2.28735,5.21583,1.19664,0.06327,1.47635,14.32932,21.23771,3,60_66,control_20251127_1806
1110,2025-11-27,6.811798233,80.50582603,0,0,0,21.02747,63.86071,13.56834,2.51252,4.98021,1.26233,0.05286,5.19044,11.77456,23.4625,2,56_59,control_20251127_1110
2827,2025-11-27,7.003339121,80.68438657,0,0,0,25.22242,53.99212,20.08044,2.2542,5.29271,1.18255,0.0666,2.2152,15.41815,26.27312,0,63_66,control_20251127_2827
1936,2025-11-27,7.098342102,80.89961303,0,0,0,17.41329,62.49891,18.30634,2.12431,5.53404,1.25437,0.06021,14.63317,15.22107,30.87946,3,71_70,control_20251127_1936
1580,2025-11-27,6.816252725,80.64663429,0,0,0,23.98984,57.22065,17.28864,2.30266,5.10453,1.22599,0.0632,3.88165,13.4397,24.8875,0,61_59,control_20251127_1580
484,2025-11-27,7.017487005,80.65126603,0,0,0,24.60543,55.50202,18.90532,2.25471,5.27196,1.19413,0.06667,2.62581,14.6183,25.81049,1,62_67,control_20251127_484
427,2025-11-27,6.892152005,80.59718503,0,0,0,22.11106,60.66133,16.11188,2.24383,5.07218,1.2364,0.06234,2.22464,14.12761,22.09269,4,60_62,control_20251127_427
1731,2025-11-27,6.911445588,80.52771556,0,0,0,19.45738,65.4211,13.68519,2.17174,5.06651,1.2714,0.05938,3.26349,13.38873,20.5549,4,57_63,control_20251127_1731
3004,2025-11-27,7.169748715,80.8423002,0,0,0,18.93659,62.15958,17.57079,1.26383,5.72645,1.33455,0.05446,10.95233,13.8202,28.6992,4,69_72,control_20251127_3004
2935,2025-11-27,6.939309821,80.82621567,0,0,0,25.49281,51.17727,22.00747,2.15515,5.30117,1.12821,0.07561,5.73086,15.00814,30.25717,1,68_64,control_20251127_2935
248,2025-11-27,6.968667005,80.45919703,0,0,0,20.2801,64.4423,13.84384,2.02353,5.08521,1.26561,0.05986,3.36825,12.65482,22.01293,0,55_65,control_20251127_248
1099,2025-11-27,7.0018018,80.4811514,0,0,0,19.19759,65.8615,13.56684,1.56565,5.2064,1.29494,0.06065,3.40113,12.12619,21.05243,0,55_66,control_20251127_1099
2419,2025-11-27,6.787630706,80.57261626,0,0,0,21.70216,62.02941,14.12987,2.40855,5.11872,1.26253,0.05718,5.2163,13.02746,22.0351,4,59_58,control_20251127_2419
1978,2025-11-27,6.915493325,80.58473567,0,0,0,20.48227,63.06669,15.31613,2.20574,5.09638,1.24447,0.06115,2.46898,13.40322,21.03932,0,59_63,control_20251127_1978
2458,2025-11-27,7.098393567,80.65316138,0,0,0,24.56482,55.20371,19.1458,1.48602,5.39517,1.25167,0.06496,2.76033,14.22056,26.27063,3,62_70,control_20251127_2458
931,2025-11-27,7.138927505,80.73047779,0,0,0,23.70821,55.42167,19.40175,1.525,5.47023,1.26106,0.05702,6.14666,14.2202,28.28372,1,65_71,control_20251127_931
507,2025-11-27,7.047075005,80.66283703,0,0,0,24.5375,55.22623,19.30339,2.09044,5.29483,1.20459,0.06763,2.3204,14.58238,25.89546,4,62_68,control_20251127_507
1022,2025-11-27,6.994825005,80.48113303,0,0,0,19.14495,65.67743,13.78113,2.03831,5.17352,1.29253,0.06248,3.2904,12.79422,20.87264,0,55_66,control_20251127_1022
3095,2025-11-27,7.170522703,80.88442349,0,0,0,14.97538,67.43537,16.00085,0.98913,5.81313,1.37613,0.05564,13.22383,13.49924,26.98649,2,70_72,control_20251127_3095
1684,2025-11-27,6.868814374,80.81156346,0,0,0,26.05402,50.10442,22.78781,2.19858,5.26577,1.16831,0.07697,1.69247,14.69164,26.92355,3,68_61,control_20251127_1684
2587,2025-11-27,7.156318269,80.83932844,0,0,0,19.78981,60.48601,18.35297,1.44869,5.64329,1.29312,0.05474,9.96575,15.04472,28.54408,4,69_72,control_20251127_2587
2956,2025-11-27,6.811280635,80.62477355,0,0,0,23.50613,58.27303,16.52021,2.29224,5.10288,1.23427,0.06222,4.07039,13.43476,24.00626,0,61_59,control_20251127_2956
3291,2025-11-27,6.765964097,80.70208101,0,0,0,23.25762,57.016,18.19155,2.28422,5.25279,1.24429,0.06232,4.2074,14.30788,25.36346,2,64_58,control_20251127_3291
863,2025-11-27,7.141659031,80.78145694,0,0,0,22.7527,56.94816,18.76786,1.51948,5.5284,1.27778,0.05647,7.93002,14.5238,29.08065,4,66_71,control_20251127_863
3865,2025-11-27,7.046559534,80.5936921,0,0,0,23.05511,59.00482,17.00907,1.60751,5.31118,1.23259,0.0606,0.97173,12.9951,22.70744,1,60_68,control_20251127_3865
1539,2025-11-27,7.130807677,80.87005961,0,0,0,18.03405,62.68843,17.68838,1.48653,5.63516,1.30059,0.05496,12.25289,14.41019,29.06831,1,70_71,control_20251127_1539
211,2025-11-27,7.034838005,80.60018703,0,0,0,22.34609,60.26379,16.47152,2.16708,5.2504,1.21726,0.06247,0.3124,13.35335,21.34929,0,60_67,control_20251127_211
1537,2025-11-27,6.991044539,80.46801795,0,0,0,20.31947,63.90936,14.35242,1.49138,5.15296,1.27155,0.05956,3.78202,12.29904,22.54275,0,55_66,control_20251127_1537
3656,2025-11-27,6.841952241,80.75361434,0,0,0,26.39025,50.54404,22.23615,2.20423,5.26391,1.16991,0.07386,0.77319,14.68471,26.05848,0,65_60,control_20251127_3656
3549,2025-11-27,7.159306896,80.84055112,0,0,0,19.06071,61.82617,17.70336,1.25691,5.70178,1.32537,0.05623,9.93552,14.38577,27.76889,4,69_72,control_20251127_3549
5082,2025-11-27,7.010959529,80.88519697,0,0,0,16.92919,59.6867,20.27417,2.01909,5.44002,1.1947,0.06761,24.94984,15.18564,40.45547,2,70_67,control_20251127_5082
1983,2025-11-27,6.778107618,80.6784667,0,0,0,23.92848,56.43058,18.10243,2.25811,5.2219,1.24515,0.06241,4.3674,13.95156,25.93054,2,63_58,control_20251127_1983
2437,2025-11-27,6.82642623,80.52605245,0,0,0,20.51802,63.98701,13.79908,2.62797,5.0112,1.26596,0.05651,5.07109,12.25433,22.30202,0,57_60,control_20251127_2437
4494,2025-11-27,6.941346569,80.46093763,0,0,0,20.10199,64.65062,13.81913,2.05288,5.07752,1.25457,0.0592,3.23639,12.65786,21.54708,4,55_64,control_20251127_4494
1788,2025-11-27,7.191214448,80.84398084,0,0,0,17.57668,64.44074,16.69604,1.00881,5.79621,1.37583,0.05393,11.5464,13.23984,27.95531,2,69_73,control_20251127_1788
4278,2025-11-27,6.769502071,80.64534659,0,0,0,22.81341,59.12094,16.42434,2.45615,5.18857,1.26367,0.05862,4.98502,13.68763,24.83869,2,61_58,control_20251127_4278
3893,2025-11-27,6.819992151,80.58198207,0,0,0,21.85755,61.53765,14.67542,2.40526,5.10713,1.25378,0.05876,4.49815,13.03103,21.85466,0,59_60,control_20251127_3893
2297,2025-11-27,6.784920494,80.56396815,0,0,0,21.70216,62.02941,14.12987,2.40855,5.11872,1.26253,0.05718,5.2163,13.02746,22.0351,1,58_58,control_20251127_2297
2007,2025-11-27,6.812204094,80.7642653,0,0,0,25.64965,51.45107,21.82532,2.23159,5.24412,1.18472,0.07374,1.7282,14.08702,26.18035,0,66_59,control_20251127_2007
1199,2025-11-27,7.142033733,80.85897924,0,0,0,17.33959,63.45859,17.51792,1.3112,5.70097,1.32213,0.05643,12.44368,13.87238,28.47931,4,69_71,control_20251127_1199
1544,2025-11-27,7.048936465,80.83320307,0,0,0,20.75477,57.39598,20.13863,2.11488,5.42139,1.2119,0.06366,12.08331,15.18663,31.57223,1,68_68,control_20251127_1544
1720,2025-11-27,6.97612885,80.65619253,0,0,0,24.20063,56.17354,18.99143,2.2337,5.18917,1.18707,0.0662,1.18004,14.58743,24.17655,4,62_65,control_20251127_1720
998,2025-11-27,7.040683415,80.66263533,0,0,0,24.93742,54.888,19.07345,2.23801,5.28136,1.20004,0.0666,3.06118,14.61837,26.52714,4,62_68,control_20251127_998
2033,2025-11-27,6.940167988,80.56337941,0,0,0,17.15355,68.0343,13.56157,2.27947,5.12034,1.26646,0.06268,2.25011,13.41432,17.646,4,58_64,control_20251127_2033
1040,2025-11-27,7.08512319,80.83822127,0,0,0,20.12311,58.8514,19.34265,2.06718,5.49224,1.23469,0.06028,11.78918,15.18151,30.5727,1,69_69,control_20251127_1040
1497,2025-11-27,7.154436932,80.88163576,0,0,0,16.60061,64.64917,17.14214,1.30443,5.72578,1.33068,0.05562,12.71596,13.86702,28.10155,2,70_72,control_20251127_1497
3988,2025-11-27,6.806996872,80.77170948,0,0,0,25.27325,51.89183,21.66361,2.22738,5.25682,1.18574,0.07373,1.99582,14.08619,26.07876,0,66_59,control_20251127_3988
4841,2025-11-27,6.985080262,80.81862616,0,0,0,24.02366,52.9377,21.36944,2.28029,5.27091,1.16006,0.07032,9.70404,15.85198,32.42769,1,68_66,control_20251127_4841
887,2025-11-27,7.060742005,80.68377703,0,0,0,24.7446,54.63788,19.5608,2.08807,5.30142,1.20366,0.06745,3.01715,14.5855,26.67954,1,63_68,control_20251127_887
1427,2025-11-27,7.082870863,80.82407128,0,0,0,20.86211,57.85802,19.60596,2.06433,5.48391,1.23573,0.06037,10.8967,15.17994,30.30933,1,68_69,control_20251127_1427
2797,2025-11-27,6.841787663,80.70007303,0,0,0,25.82042,53.191,20.12797,2.25532,5.21543,1.17938,0.06652,1.79145,14.55777,25.97739,0,63_60,control_20251127_2797
4073,2025-11-27,6.857331621,80.70300598,0,0,0,26.68887,51.97011,20.73022,2.25249,5.21458,1.17565,0.06661,1.3081,14.56,26.60463,3,64_61,control_20251127_4073
3777,2025-11-27,7.274653241,80.75182305,0,0,0,27.27611,54.60398,16.60029,1.03865,5.69763,1.33796,0.05276,5.97598,12.7747,32.40489,1,65_76,control_20251127_3777
2545,2025-11-27,6.990029458,80.6230154,0,0,0,21.88041,59.90199,17.34353,2.29519,5.2132,1.19172,0.06368,1.52317,14.33206,22.09661,2,61_66,control_20251127_2545
3147,2025-11-27,6.997348042,80.82894846,0,0,0,22.66042,54.6917,20.8582,2.13647,5.37763,1.16568,0.06881,11.20468,15.38104,32.77726,1,68_66,control_20251127_3147
5189,2025-11-27,6.94792296,80.58361537,0,0,0,17.9156,66.49275,14.50908,2.29244,5.135,1.21469,0.06338,1.92624,13.42154,18.28462,3,59_64,control_20251127_5189
2925,2025-11-27,6.970068872,80.50970827,0,0,0,18.44197,66.73738,13.59982,2.1668,5.14282,1.25932,0.06279,1.93576,12.79116,18.80842,0,56_65,control_20251127_2925
4960,2025-11-27,7.036623153,80.69924004,0,0,0,25.3157,53.58308,19.94857,2.2074,5.32155,1.19752,0.06585,4.09427,14.69505,27.88494,4,63_67,control_20251127_4960
4279,2025-11-27,7.074338582,80.83419879,0,0,0,20.54911,58.11116,19.6444,2.07769,5.47065,1.22948,0.06117,11.58126,15.18221,30.76032,1,68_69,control_20251127_4279
3514,2025-11-27,7.111473156,80.94580471,0,0,0,15.11939,66.20889,16.74877,1.18119,5.71919,1.33078,0.05877,14.79393,13.76648,28.75246,4,73_70,control_20251127_3514
178,2025-11-27,6.973584774,80.77950513,0,0,0,26.29562,50.65081,21.98572,2.28885,5.27388,1.14436,0.06954,5.60988,15.84553,30.77012,1,66_65,control_20251127_178
2070,2025-11-27,6.867765268,80.63396593,0,0,0,24.08506,56.79729,18.15611,2.20804,5.23303,1.2161,0.06083,1.93303,14.54615,23.82812,0,61_61,control_20251127_2070
1350,2025-11-27,6.785838256,80.54191001,0,0,0,20.92979,63.80444,13.41899,2.46924,5.10964,1.28262,0.05475,6.42786,11.78933,23.67219,1,58_58,control_20251127_1350
4694,2025-11-27,6.77726261,80.64297705,0,0,0,22.96382,58.86767,16.55196,2.45685,5.18434,1.25884,0.05918,4.74504,13.68859,24.69438,2,61_58,control_20251127_4694
4773,2025-11-27,6.868951206,80.66662279,0,0,0,25.8766,53.86618,19.61756,2.226,5.22356,1.19218,0.06307,1.40624,14.55278,25.57247,0,62_61,control_20251127_4773
934,2025-11-27,6.929184005,80.65038303,0,0,0,26.59725,53.24107,20.06244,2.27888,5.13045,1.18833,0.0635,0.28736,15.04422,25.90013,4,62_64,control_20251127_934
4232,2025-11-27,7.188191934,80.87846317,0,0,0,15.19801,67.49242,15.93791,0.98697,5.83181,1.38038,0.05442,12.52668,13.49703,26.57457,0,70_73,control_20251127_4232
1087,2025-11-27,6.89312015,80.69122017,0,0,0,28.5826,49.65185,21.72287,2.23826,5.21714,1.1737,0.06533,0.35421,14.56112,27.9912,0,63_62,control_20251127_1087
4231,2025-11-27,6.902308702,80.74179731,0,0,0,28.69579,48.06644,22.86482,2.26146,5.27853,1.14707,0.07035,0.97386,15.33706,28.83597,4,65_63,control_20251127_4231
1570,2025-11-27,6.84953516,80.63322089,0,0,0,24.2438,56.90888,17.65755,2.296,5.08806,1.21938,0.06315,3.21356,13.43827,24.89703,0,61_61,control_20251127_1570
3021,2025-11-27,6.781402321,80.62433604,0,0,0,22.77908,59.43425,16.0297,2.45103,5.18168,1.24293,0.05851,4.62278,13.68574,23.7849,2,61_58,control_20251127_3021
5190,2025-11-27,6.774629124,80.52798968,0,0,0,20.46234,64.26971,13.42864,2.38117,5.08345,1.28424,0.05211,6.45104,11.37952,23.54299,1,57_58,control_20251127_5190
4100,2025-11-27,7.073741792,80.85206147,0,0,0,19.78634,59.0644,19.40492,2.07994,5.47902,1.22874,0.06111,12.67945,15.18376,31.17307,1,69_69,control_20251127_4100
1770,2025-11-27,7.167800643,80.74527365,0,0,0,22.93425,57.21753,18.41122,1.51177,5.53771,1.26803,0.05487,5.20963,14.22252,26.72076,4,65_72,control_20251127_1770
2669,2025-11-27,7.18321566,80.92127896,0,0,0,14.01734,68.92993,15.49004,0.98456,5.84338,1.38747,0.05503,13.53173,13.49079,26.41548,2,72_73,control_20251127_2669
4069,2025-11-27,6.84023653,80.81968771,0,0,0,25.51218,50.55276,22.7415,2.23541,5.22973,1.17038,0.07768,1.52517,14.09388,26.1974,0,68_60,control_20251127_4069
4870,2025-11-27,7.08618435,80.70119444,0,0,0,24.35981,55.06183,19.37528,1.51233,5.35418,1.2499,0.06093,4.95821,13.9677,27.9714,1,63_69,control_20251127_4870
5329,2025-11-27,6.856321012,80.80077686,0,0,0,26.32801,49.29214,23.50535,2.21328,5.26207,1.16292,0.07759,-0.19216,14.68931,25.40562,3,67_61,control_20251127_5329
1282,2025-11-27,6.919654152,80.55284248,0,0,0,18.99812,65.74322,13.8994,2.17622,5.0855,1.2661,0.05998,2.95261,13.39249,19.92093,0,58_63,control_20251127_1282
756,2025-11-27,6.935551005,80.66392403,0,0,0,27.27088,52.11171,20.62275,2.27821,5.13289,1.18045,0.06417,0.2205,15.04669,26.66853,4,62_64,control_20251127_756
2536,2025-11-27,6.819450367,80.81808327,0,0,0,25.58074,50.29746,23.02772,2.23771,5.24464,1.17534,0.07721,0.4754,14.09137,25.24057,1,68_59,control_20251127_2536
4832,2025-11-27,6.924062929,80.819739,0,0,0,25.5001,51.0932,22.15457,2.14224,5.29681,1.14851,0.0761,4.77475,15.03547,29.38191,3,68_63,control_20251127_4832
3578,2025-11-27,6.833991256,80.72180673,0,0,0,25.70646,52.92936,20.43004,2.26752,5.21529,1.18085,0.06825,1.82235,14.56019,26.01336,3,64_60,control_20251127_3578
1845,2025-11-27,6.968427726,80.83551684,0,0,0,23.39372,53.67582,21.2793,2.23249,5.3332,1.15542,0.0711,9.21706,15.67962,31.38673,1,68_65,control_20251127_1845
447,2025-11-27,7.140362805,80.74631003,0,0,0,23.35209,55.86067,19.26493,1.52365,5.47989,1.26125,0.05613,6.79757,14.22297,28.53297,1,65_71,control_20251127_447
4040,2025-11-27,7.017311579,80.61366819,0,0,0,22.96401,58.33702,17.66828,2.22897,5.28931,1.20681,0.06678,1.9339,14.60992,23.46072,0,60_67,control_20251127_4040
156,2025-11-27,6.990498905,80.79916312,0,0,0,24.87963,52.20982,21.4818,2.26463,5.28515,1.15359,0.06885,7.97157,15.84702,31.54203,4,67_66,control_20251127_156
3792,2025-11-27,7.045760575,80.62319784,0,0,0,24.19933,56.48424,18.23062,2.20399,5.29898,1.21621,0.06709,2.09128,14.6094,24.85036,3,61_68,control_20251127_3792
5020,2025-11-27,7.012665576,80.80684055,0,0,0,23.79217,53.45375,21.20608,2.24769,5.29456,1.16362,0.06709,9.4137,15.6814,32.06514,1,67_67,control_20251127_5020
1236,2025-11-27,7.004392477,80.76999214,0,0,0,24.67615,52.82965,21.47223,2.30275,5.26915,1.16334,0.06679,5.97745,15.65515,29.39382,0,66_66,control_20251127_1236
4772,2025-11-27,6.7611762,80.69097683,0,0,0,22.97416,57.62119,17.79566,2.27552,5.25951,1.24172,0.06095,4.48472,14.30562,25.23137,2,63_57,control_20251127_4772
3211,2025-11-27,6.847418546,80.69747366,0,0,0,26.22921,52.61003,20.4187,2.25419,5.21487,1.17823,0.0666,1.55165,14.5589,26.26128,3,63_61,control_20251127_3211
2668,2025-11-27,6.949053003,80.6501743,0,0,0,25.51614,54.52722,19.64637,2.26672,5.16552,1.15383,0.06611,0.44469,14.59016,24.85163,4,62_64,control_20251127_2668
936,2025-11-27,7.106017328,80.87327916,0,0,0,18.60972,61.08055,18.55686,2.07338,5.55048,1.24832,0.05956,12.74713,15.39811,30.09826,4,70_70,control_20251127_936
4977,2025-11-27,6.860902264,80.67829502,0,0,0,26.24552,52.99553,20.10074,2.24045,5.21788,1.18412,0.0648,1.44435,14.55605,26.08461,3,63_61,control_20251127_4977
4803,2025-11-27,7.007794845,80.70868592,0,0,0,25.40331,53.19602,20.52848,2.25405,5.28524,1.17903,0.0674,3.27057,15.42278,27.44769,3,64_66,control_20251127_4803
897,2025-11-27,7.084447005,80.65997703,0,0,0,24.43941,55.20839,19.24538,1.49271,5.38624,1.24692,0.06445,3.19742,14.22261,26.55411,4,62_69,control_20251127_897
3243,2025-11-27,6.969822078,80.81600548,0,0,0,24.87164,51.98947,21.66307,2.29329,5.26489,1.14341,0.0708,8.2054,15.85118,31.8608,1,68_65,control_20251127_3243
1888,2025-11-27,7.021796248,80.77533245,0,0,0,23.89437,53.67936,21.1749,2.27789,5.28513,1.17362,0.06582,7.33597,15.65472,29.81498,4,66_67,control_20251127_1888
4398,2025-11-27,6.856736233,80.80945848,0,0,0,25.94285,50.11548,22.89456,2.20361,5.26612,1.16822,0.07732,1.19455,14.6905,26.32548,3,67_61,control_20251127_4398
3169,2025-11-27,6.919750029,80.62217678,0,0,0,23.42108,58.14822,17.75846,2.193,5.13379,1.22154,0.06242,1.05448,14.11801,22.88502,3,61_63,control_20251127_3169
224,2025-11-27,6.979798005,80.75801703,0,0,0,26.20026,51.19955,21.50544,2.31801,5.30299,1.1531,0.0697,4.58771,15.79154,29.61359,1,66_65,control_20251127_224
2298,2025-11-27,6.889229129,80.81060679,0,0,0,26.39712,49.78312,22.79103,2.188,5.26597,1.16901,0.07627,2.4251,14.69385,28.01461,3,68_62,control_20251127_2298
1638,2025-11-27,7.158282375,80.82846302,0,0,0,19.39637,61.39027,17.78721,1.2582,5.69683,1.32401,0.05637,9.57684,14.38656,27.71567,1,68_72,control_20251127_1638
5032,2025-11-27,6.969400232,80.70320352,0,0,0,27.19264,50.96903,21.34227,2.32084,5.31533,1.14847,0.06719,1.80035,15.78344,27.99217,3,64_65,control_20251127_5032
4320,2025-11-27,7.082660077,80.88250272,0,0,0,18.92707,60.12581,18.78394,2.17306,5.51831,1.22294,0.06178,15.66859,15.73193,33.25009,1,70_69,control_20251127_4320
493,2025-11-27,6.882343005,80.73619203,0,0,0,28.10341,48.854,22.53543,2.27046,5.27565,1.14872,0.07084,0.97598,15.33487,28.10826,1,65_62,control_20251127_493
135,2025-11-27,7.117598175,80.83212536,0,0,0,20.28277,59.26378,18.89655,2.03228,5.54226,1.25091,0.05776,10.41831,15.1766,29.32341,0,68_70,control_20251127_135
2959,2025-11-27,6.994454665,80.71826492,0,0,0,26.03965,52.19153,21.04392,2.28363,5.26076,1.16947,0.06838,2.99235,15.42655,27.9136,3,64_66,control_20251127_2959
760,2025-11-27,7.025565905,80.58308433,0,0,0,21.33448,61.80287,15.91912,2.17053,5.24485,1.22808,0.06193,0.35874,13.35196,20.37715,0,59_67,control_20251127_760
268,2025-11-27,6.881285805,80.71332113,0,0,0,27.8124,50.2096,21.63607,2.25322,5.21392,1.1677,0.06741,0.83296,14.56402,27.59263,2,64_62,control_20251127_268
5101,2025-11-27,6.787584914,80.77247452,0,0,0,24.23936,53.36178,21.02446,2.18292,5.35531,1.1897,0.07298,3.36777,14.70198,26.24743,3,66_58,control_20251127_5101
2854,2025-11-27,6.874167963,80.58744931,0,0,0,21.51546,61.38119,15.7558,2.18609,5.13541,1.24432,0.06197,2.5996,14.11029,21.3869,2,59_61,control_20251127_2854
1632,2025-11-27,6.827569675,80.72743794,0,0,0,25.73108,52.66224,20.58053,2.30019,5.18411,1.18105,0.06903,2.4787,13.96551,26.73067,3,64_60,control_20251127_1632
3317,2025-11-27,6.840521706,80.68201303,0,0,0,25.41041,54.16718,19.49655,2.24354,5.21797,1.18766,0.06475,1.97161,14.55399,25.49422,0,63_60,control_20251127_3317
62,2025-11-27,6.954496665,80.72027085,0,0,0,27.84759,49.75966,21.9133,2.34192,5.29422,1.13728,0.06884,1.88437,15.78758,28.79405,4,64_64,control_20251127_62
4489,2025-11-27,6.867769013,80.75594932,0,0,0,27.74062,48.85904,22.75803,2.28423,5.2701,1.14386,0.07278,0.87709,15.33601,27.68519,0,66_61,control_20251127_4489
5353,2025-11-27,6.829184826,80.50835353,0,0,0,21.05656,63.62704,13.72397,2.61112,5.00116,1.25942,0.05591,5.59227,12.25058,23.85338,2,56_60,control_20251127_5353
5327,2025-11-27,6.987540326,80.46816436,0,0,0,20.16934,64.18245,14.22724,1.49565,5.14735,1.26902,0.05898,3.80954,12.29892,22.38671,0,55_66,control_20251127_5327
1866,2025-11-27,6.9673997,80.63054398,0,0,0,22.87075,58.40583,18.02935,2.22928,5.18964,1.19196,0.06514,1.02072,14.58224,22.60249,0,61_65,control_20251127_1866
3085,2025-11-27,6.976418239,80.82390336,0,0,0,24.39047,52.49621,21.51733,2.2933,5.26377,1.155,0.07103,9.00346,15.85254,32.14968,1,68_65,control_20251127_3085
5181,2025-11-27,7.246433378,80.75768688,0,0,0,26.55759,55.99815,15.7946,1.17574,5.63279,1.30392,0.05287,6.65672,13.69155,32.15155,0,66_75,control_20251127_5181
708,2025-11-27,6.807763005,80.56191403,0,0,0,21.44876,62.42429,14.09864,2.40172,5.10806,1.26639,0.05723,5.04879,13.02567,21.93313,0,58_59,control_20251127_708
1218,2025-11-27,7.033852533,80.88237509,0,0,0,18.22246,59.42658,19.66469,2.14712,5.46718,1.19047,0.0655,20.38507,15.3944,37.21996,2,70_67,control_20251127_1218
5395,2025-11-27,6.830547318,80.66191165,0,0,0,24.5527,55.75156,18.54435,2.23305,5.22136,1.21,0.06304,2.41594,14.54917,24.63333,0,62_60,control_20251127_5395
5074,2025-11-27,6.937919326,80.51851385,0,0,0,18.2603,67.08215,13.31972,2.256,5.09105,1.27851,0.06226,2.63761,13.40536,19.02807,3,57_64,control_20251127_5074
3586,2025-11-27,7.122249542,80.80059057,0,0,0,21.47975,58.12506,18.8149,1.48595,5.53881,1.28072,0.05621,9.44333,14.33615,29.37267,2,67_71,control_20251127_3586
3434,2025-11-27,6.891607349,80.80658304,0,0,0,27.07044,48.94204,23.11675,2.19168,5.26226,1.16709,0.07603,1.81411,14.69358,28.13273,3,67_62,control_20251127_3434
770,2025-11-27,7.072097005,80.90474403,0,0,0,17.99471,61.14537,18.51504,2.17844,5.524,1.22348,0.06244,17.29062,15.73174,33.97578,3,71_69,control_20251127_770
3561,2025-11-27,7.080507812,80.71684346,0,0,0,24.73131,53.79253,20.20345,2.1235,5.33435,1.2138,0.06208,5.90112,14.57846,29.17362,3,64_69,control_20251127_3561
4123,2025-11-27,6.867734044,80.72266551,0,0,0,27.31763,50.64157,21.52935,2.26203,5.2128,1.16577,0.06851,1.04269,14.56485,27.23437,3,64_61,control_20251127_4123
1109,2025-11-27,6.964220304,80.48729614,0,0,0,19.84777,64.69874,14.06133,2.03952,5.11286,1.25949,0.06044,2.87166,12.65878,21.05298,0,56_65,control_20251127_1109
3513,2025-11-27,6.946298156,80.47627488,0,0,0,19.97943,64.67827,13.92873,2.05042,5.09242,1.25553,0.05968,3.0722,12.6586,21.29232,4,55_64,control_20251127_3513
5067,2025-11-27,7.061748733,80.73568939,0,0,0,24.3029,53.80333,20.68123,2.15919,5.30006,1.20597,0.06367,6.23428,15.30719,29.2236,1,65_68,control_20251127_5067
4229,2025-11-27,6.955836648,80.75583457,0,0,0,27.45078,49.36946,22.43042,2.22471,5.3207,1.13993,0.07148,3.11695,15.60707,29.63404,1,66_65,control_20251127_4229
950,2025-11-27,7.069575174,80.62607771,0,0,0,24.55912,56.11014,18.415,1.49581,5.42118,1.24959,0.06525,0.4961,13.45535,23.66078,1,61_69,control_20251127_950
2947,2025-11-27,6.914765945,80.54285456,0,0,0,18.98237,65.91477,13.71179,2.16991,5.0797,1.2696,0.05977,3.06613,13.3901,20.00666,0,58_63,control_20251127_2947
5320,2025-11-28,7.081167857,80.70890729,0,0,0,24.78943,53.952,20.06184,2.12023,5.33897,1.2156,0.06209,5.33362,14.57658,28.74669,3,64_69,control_20251128_5320
259,2025-11-28,7.000810005,80.48946903,0,0,0,19.08748,65.8959,13.66384,1.567,5.21456,1.2925,0.06064,3.21665,12.12732,20.7671,1,56_66,control_20251128_259
776,2025-11-28,6.914480005,80.55985203,0,0,0,19.13087,65.408,14.14197,2.18293,5.09017,1.2582,0.06022,2.83724,13.39498,19.95693,0,58_63,control_20251128_776
608,2025-11-28,6.834459005,80.57434803,0,0,0,21.76396,61.39389,15.03211,2.2067,5.06293,1.25235,0.06178,3.78444,13.29921,21.51905,0,59_60,control_20251128_608
3476,2025-11-28,6.832712918,80.80985237,0,0,0,25.94165,49.54301,23.53042,2.2429,5.23252,1.16899,0.07783,-0.17476,14.09295,25.04312,4,67_60,control_20251128_3476
3000,2025-11-28,6.868000099,80.77420965,0,0,0,27.33772,48.85862,23.11459,2.20353,5.25766,1.15034,0.07525,0.59645,14.68997,27.11097,0,66_61,control_20251128_3000
521,2025-11-28,7.064936005,80.67888803,0,0,0,24.72627,54.7003,19.46475,2.07574,5.31242,1.20829,0.06735,3.02413,14.58446,26.62468,1,63_69,control_20251128_521
100,2025-11-28,6.906205435,80.57577573,0,0,0,20.49526,63.22896,15.04664,2.2062,5.08802,1.24807,0.06073,2.67719,13.40134,21.07138,0,59_63,control_20251128_100
1600,2025-11-28,7.14983788,80.95772793,0,0,0,13.14684,69.85617,15.16166,0.98602,5.83555,1.3869,0.05659,14.36763,13.48979,26.37076,2,73_72,control_20251128_1600
325,2025-11-28,7.070076905,80.63545703,0,0,0,24.09091,55.99996,18.96648,1.49534,5.36692,1.24741,0.06483,2.53363,14.2179,25.70058,1,61_69,control_20251128_325
424,2025-11-28,7.099281387,80.79931601,0,0,0,21.54209,56.98032,19.75985,2.04901,5.49355,1.24283,0.05964,10.07931,15.17687,29.9697,4,67_70,control_20251128_424
3821,2025-11-28,6.926298446,80.62483864,0,0,0,23.11343,58.54383,17.67268,2.18442,5.14037,1.22286,0.06255,1.06555,14.11709,22.67996,3,61_63,control_20251128_3821
3045,2025-11-28,7.036219229,80.75872915,0,0,0,24.31252,53.49489,21.03017,2.19045,5.2691,1.19119,0.06492,6.7683,15.31286,29.88148,4,66_67,control_20251128_3045
3388,2025-11-28,7.118124138,80.72119765,0,0,0,24.05241,54.78998,19.74372,1.53279,5.44039,1.25655,0.05779,6.3104,14.21914,28.81163,0,64_70,control_20251128_3388
316,2025-11-28,6.948819005,80.64354203,0,0,0,24.5133,56.06354,18.97942,2.25853,5.17037,1.17725,0.06561,0.58867,14.58711,23.88181,4,61_64,control_20251128_316
3898,2025-11-28,6.800371329,80.64029979,0,0,0,23.43484,58.0761,17.01081,2.45739,5.17061,1.2291,0.06051,4.04354,13.69126,24.48273,0,61_59,control_20251128_3898
2849,2025-11-28,6.824838187,80.72132876,0,0,0,25.64635,53.01444,20.30092,2.29486,5.18335,1.18482,0.06807,2.62667,13.96366,26.69042,3,64_60,control_20251128_2849
4825,2025-11-28,7.04789695,80.73002315,0,0,0,24.4999,53.76762,20.67881,2.16957,5.29307,1.2019,0.06401,5.45328,15.3067,28.80257,1,65_68,control_20251128_4825
3416,2025-11-28,6.773823886,80.53245312,0,0,0,20.46234,64.26971,13.42864,2.38117,5.08345,1.28424,0.05211,6.45104,11.37952,23.54299,1,57_58,control_20251128_3416
2526,2025-11-28,6.835124883,80.70885927,0,0,0,25.59299,53.31476,20.14444,2.26167,5.21561,1.17873,0.06729,1.93383,14.55841,25.9051,3,64_60,control_20251128_2526
4023,2025-11-28,7.147713286,80.84706638,0,0,0,19.34558,61.11978,18.07371,1.49432,5.61557,1.29892,0.05466,10.7614,14.71069,28.88795,4,69_72,control_20251128_4023
1331,2025-11-28,6.877534239,80.56581057,0,0,0,21.08894,62.55677,14.98783,2.22929,5.06178,1.25017,0.06116,2.7483,14.11975,21.27101,2,59_62,control_20251128_1331
4630,2025-11-28,7.036848573,80.73316557,0,0,0,24.64336,53.59086,20.7945,2.18235,5.28189,1.19629,0.06444,5.21743,15.30783,28.79609,2,65_67,control_20251128_4630
30,2025-11-28,7.089283405,80.79572738,0,0,0,22.01726,56.10996,20.11336,2.05889,5.47251,1.23857,0.06044,9.96214,15.17719,30.23936,4,67_69,control_20251128_30
2919,2025-11-28,6.956945528,80.79894712,0,0,0,26.55634,49.95542,22.39268,2.23108,5.31409,1.13448,0.07337,4.87469,15.61213,30.46472,4,67_65,control_20251128_2919
2813,2025-11-28,7.105737428,80.93192271,0,0,0,15.33513,66.00468,16.7232,1.30184,5.68103,1.33085,0.05861,14.76188,13.7502,28.93313,0,72_70,control_20251128_2813
974,2025-11-28,7.138810651,80.73170613,0,0,0,23.70821,55.42167,19.40175,1.525,5.47023,1.26106,0.05702,6.14666,14.2202,28.28372,1,65_71,control_20251128_974
4072,2025-11-28,6.883775173,80.65078513,0,0,0,25.63654,54.3523,19.40971,2.21699,5.2284,1.1956,0.0622,1.32691,14.55134,25.27768,4,62_62,control_20251128_4072
4431,2025-11-28,6.930685046,80.76963141,0,0,0,29.58545,46.49131,23.48271,2.21745,5.24961,1.14136,0.07099,1.92076,14.85328,30.85467,2,66_64,control_20251128_4431
4107,2025-11-28,6.811156624,80.70199783,0,0,0,25.11099,54.23114,19.48551,2.28151,5.19113,1.19748,0.06588,3.1275,13.95895,26.34426,3,64_59,control_20251128_4107
1190,2025-11-28,6.967059501,80.64950206,0,0,0,24.55708,55.73567,19.17297,2.24475,5.1813,1.18207,0.06613,0.95554,14.5883,24.34047,4,62_65,control_20251128_1190
5117,2025-11-29,6.76372325,80.75662753,0,0,0,23.80538,54.60093,20.10617,2.24397,5.37876,1.22598,0.06887,4.07042,15.24336,26.29832,4,66_57,control_20251129_5117
1001,2025-11-29,6.95834618,80.62486748,0,0,0,22.13915,59.6251,17.50705,2.23188,5.18687,1.19257,0.06459,0.95855,14.58004,21.73596,0,61_65,control_20251129_1001
2503,2025-11-29,6.976796889,80.85531134,0,0,0,21.42739,56.08579,20.57178,2.08623,5.44103,1.16279,0.06967,11.72058,15.20961,32.08786,0,69_65,control_20251129_2503
2848,2025-12-01,7.177379529,80.90210838,0,0,0,14.61859,68.08608,15.78157,0.98659,5.83057,1.38214,0.05503,13.21053,13.495,26.66755,3,71_73,control_20251201_2848
4979,2025-12-27,7.076589102,80.55335204,0,0,0,23.58283,58.60663,16.88764,1.5871,5.29413,1.28598,0.06331,0.44561,12.9905,22.78416,2,58_69,control_20251227_4979
3806,2025-12-27,7.151137923,80.95569089,0,0,0,13.14684,69.85617,15.16166,0.98602,5.83555,1.3869,0.05659,14.36763,13.48979,26.37076,2,73_72,control_20251227_3806
2301,2025-12-27,7.000291413,80.88928024,0,0,0,17.61721,59.35479,20.14319,2.0294,5.43005,1.19192,0.06829,21.86824,15.18598,38.13731,3,70_66,control_20251227_2301
5294,2026-08-03,6.991464887,80.89719554,0,0,0,17.99727,59.08806,20.18834,2.06956,5.44006,1.18862,0.0689,19.74859,15.6671,36.47018,1,71_66,control_20260803_5294
743,2026-08-03,7.037954005,80.57672003,0,0,0,21.96769,60.75042,16.32428,1.60774,5.29969,1.23544,0.06021,0.9485,12.9923,21.58871,0,59_68,control_20260803_743
839,2026-08-03,6.868654005,80.61209503,0,0,0,23.36608,58.38895,17.03335,2.25652,5.17821,1.22431,0.06148,2.63309,14.24282,23.5128,2,60_61,control_20260803_839
